algorithm,angle_target,p,seed,result,reads,probability,surrogate_qubo_energy,top50_rank,exact_repaired_qubo_energy,match,matched_ip_obj,flow_bits,repaired_aux_bits,repaired_full_bits
QAOA_reduced_surrogate_JuliQAOA_transfer,top50,5,92001,1,1655,0.006313323974609375,-14.838956249999,6,14.550499999999772,gurobi_pool,14.5505,1001110110011100011,00000101010000011,100111011001110001100000101010000011
QAOA_reduced_surrogate_JuliQAOA_transfer,top50,5,92001,2,1668,0.0063629150390625,-14.737956250001616,9,14.651499999999885,gurobi_pool,14.651499999999999,1001110110011010011,00000101010000101,100111011001101001100000101010000101
QAOA_reduced_surrogate_JuliQAOA_transfer,top50,5,92001,3,1690,0.00644683837890625,-14.306956250002486,12,15.082499999999925,gurobi_pool,15.0825,1001110110011001011,00000101010000110,100111011001100101100000101010000110
QAOA_reduced_surrogate_JuliQAOA_transfer,top50,5,92001,4,1526,0.00582122802734375,-11.31495624998729,22,18.074499999999887,gurobi_pool,18.0745,1001110101011100011,00000101010000011,100111010101110001100000101010000011
QAOA_reduced_surrogate_JuliQAOA_transfer,top50,5,92001,5,1463,0.005580902099609375,-11.213956249992634,25,18.175499999999772,gurobi_pool,18.175500000000003,1001110101011010011,00000101010000101,100111010101101001100000101010000101
QAOA_reduced_surrogate_JuliQAOA_transfer,top50,5,92001,6,1488,0.00567626953125,-10.782956249990775,28,18.606499999999812,gurobi_pool,18.6065,1001110101011001011,00000101010000110,100111010101100101100000101010000110
QAOA_reduced_surrogate_JuliQAOA_transfer,top50,5,92001,7,1690,0.00644683837890625,-9.920956250002291,31,19.468499999999715,gurobi_pool,19.4685,1001110110010000101,00000101010000000,100111011001000010100000101010000000
QAOA_reduced_surrogate_JuliQAOA_transfer,top50,5,92001,8,1501,0.005725860595703125,-6.396956250000585,36,22.99249999999971,gurobi_pool,22.9925,1001110101010000101,00000101010000000,100111010101000010100000101010000000
QAOA_reduced_surrogate_JuliQAOA_transfer,top50,5,92001,9,1609,0.006137847900390625,-4.2454812499993295,4,14.456899999999834,gurobi_pool,14.456900000000001,1100110110011100011,00000001011100011,110011011001110001100000001011100011
QAOA_reduced_surrogate_JuliQAOA_transfer,top50,5,92001,10,1562,0.00595855712890625,-4.234481250005729,5,14.467899999999801,gurobi_pool,14.4679,1010110110011100011,00000100011100011,101011011001110001100000100011100011
QAOA_reduced_surrogate_JuliQAOA_transfer,top50,5,92001,11,1590,0.00606536865234375,-4.144481249999217,7,14.557899999999947,gurobi_pool,14.5579,1100110110011010011,00000001011100101,110011011001101001100000001011100101
QAOA_reduced_surrogate_JuliQAOA_transfer,top50,5,92001,12,1626,0.00620269775390625,-4.1334812500047065,8,14.568899999999914,gurobi_pool,14.5689,1010110110011010011,00000100011100101,101011011001101001100000100011100101
QAOA_reduced_surrogate_JuliQAOA_transfer,top50,5,92001,13,1567,0.005977630615234375,-3.713481250001905,10,14.988899999999987,gurobi_pool,14.9889,1100110110011001011,00000001011100110,110011011001100101100000001011100110
QAOA_reduced_surrogate_JuliQAOA_transfer,top50,5,92001,14,1548,0.0059051513671875,-3.702481250007395,11,14.999899999999954,gurobi_pool,14.9999,1010110110011001011,00000100011100110,101011011001100101100000100011100110
QAOA_reduced_surrogate_JuliQAOA_transfer,top50,5,92001,15,1469,0.005603790283203125,-0.7214812499867094,20,17.98089999999995,gurobi_pool,17.980900000000002,1100110101011100011,00000001011100011,110011010101110001100000001011100011
QAOA_reduced_surrogate_JuliQAOA_transfer,top50,5,92001,16,1498,0.00571441650390625,-0.7104812499931086,21,17.991899999999916,gurobi_pool,17.9919,1010110101011100011,00000100011100011,101011010101110001100000100011100011
QAOA_reduced_surrogate_JuliQAOA_transfer,top50,5,92001,17,1467,0.005596160888671875,-0.6204812499893251,23,18.081899999999834,gurobi_pool,18.0819,1100110101011010011,00000001011100101,110011010101101001100000001011100101
QAOA_reduced_surrogate_JuliQAOA_transfer,top50,5,92001,18,1402,0.00534820556640625,-0.6094812499948148,24,18.0928999999998,gurobi_pool,18.0929,1010110101011010011,00000100011100101,101011010101101001100000100011100101
QAOA_reduced_surrogate_JuliQAOA_transfer,top50,5,92001,19,1431,0.005458831787109375,-0.18948124998928506,26,18.512899999999874,gurobi_pool,18.512900000000002,1100110101011001011,00000001011100110,110011010101100101100000001011100110
QAOA_reduced_surrogate_JuliQAOA_transfer,top50,5,92001,20,1480,0.005645751953125,-0.17848124999477477,27,18.52389999999984,gurobi_pool,18.5239,1010110101011001011,00000100011100110,101011010101100101100000100011100110
QAOA_reduced_surrogate_JuliQAOA_transfer,top50,5,92001,21,1611,0.006145477294921875,0.6725187499946514,29,19.374899999999855,gurobi_pool,19.3749,1100110110010000101,00000001011100000,110011011001000010100000001011100000
QAOA_reduced_surrogate_JuliQAOA_transfer,top50,5,92001,22,1542,0.00588226318359375,0.6835187499918902,30,19.385899999999822,gurobi_pool,19.3859,1010110110010000101,00000100011100000,101011011001000010100000100011100000
QAOA_reduced_surrogate_JuliQAOA_transfer,top50,5,92001,23,1405,0.005359649658203125,4.196518749997267,34,22.898899999999855,gurobi_pool,22.8989,1100110101010000101,00000001011100000,110011010101000010100000001011100000
QAOA_reduced_surrogate_JuliQAOA_transfer,top50,5,92001,24,1405,0.005359649658203125,4.207518749994506,35,22.909899999999823,gurobi_pool,22.9099,1010110101010000101,00000100011100000,101011010101000010100000100011100000
QAOA_reduced_surrogate_JuliQAOA_transfer,top50,5,92001,25,1827,0.006969451904296875,8.559593749997475,13,16.574900000000014,gurobi_pool,16.5749,1100101100111100011,00000001000000011,110010110011110001100000001000000011
QAOA_reduced_surrogate_JuliQAOA_transfer,top50,5,92001,26,1820,0.0069427490234375,8.570593749997443,14,16.58589999999998,gurobi_pool,16.5859,1010101100111100011,00000100000000011,101010110011110001100000100000000011
QAOA_reduced_surrogate_JuliQAOA_transfer,top50,5,92001,27,1780,0.0067901611328125,8.660593749995769,16,16.6758999999999,gurobi_pool,16.6759,1100101100111010011,00000001000000101,110010110011101001100000001000000101
QAOA_reduced_surrogate_JuliQAOA_transfer,top50,5,92001,28,1799,0.006862640380859375,8.671593749996646,17,16.686899999999866,gurobi_pool,16.686899999999998,1010101100111010011,00000100000000101,101010110011101001100000100000000101
QAOA_reduced_surrogate_JuliQAOA_transfer,top50,5,92001,29,1754,0.00669097900390625,9.091593749997628,18,17.10689999999994,gurobi_pool,17.1069,1100101100111001011,00000001000000110,110010110011100101100000001000000110
QAOA_reduced_surrogate_JuliQAOA_transfer,top50,5,92001,30,1823,0.006954193115234375,9.102593749998505,19,17.117899999999906,gurobi_pool,17.1179,1010101100111001011,00000100000000110,101010110011100101100000100000000110
QAOA_reduced_surrogate_JuliQAOA_transfer,top50,5,92001,31,1766,0.00673675537109375,13.477593750000096,32,21.492899999999736,gurobi_pool,21.492900000000002,1100101100110000101,00000001000000000,110010110011000010100000001000000000
QAOA_reduced_surrogate_JuliQAOA_transfer,top50,5,92001,32,1844,0.0070343017578125,13.488593750003702,33,21.503899999999703,gurobi_pool,21.503899999999998,1010101100110000101,00000100000000000,101010110011000010100000100000000000
QAOA_reduced_surrogate_JuliQAOA_transfer,top50,5,92001,33,979,0.003734588623046875,14.381268750008303,1,11.70949999999975,global_optimum,11.7095,1001110100111100011,00000000000001011,100111010011110001100000000000001011
QAOA_reduced_surrogate_JuliQAOA_transfer,top50,5,92001,34,1001,0.003818511962890625,14.48226875000114,2,11.810499999999749,gurobi_pool,11.8105,1001110100111010011,00000000000001101,100111010011101001100000000000001101
QAOA_reduced_surrogate_JuliQAOA_transfer,top50,5,92001,35,964,0.0036773681640625,14.913268750003908,3,12.241499999999789,gurobi_pool,12.2415,1001110100111001011,00000000000001110,100111010011100101100000000000001110
QAOA_reduced_surrogate_JuliQAOA_transfer,top50,5,92001,36,1034,0.00394439697265625,19.299268750002284,15,16.627499999999586,gurobi_pool,16.6275,1001110100110000101,00000000000001000,100111010011000010100000000000001000
QAOA_reduced_surrogate_JuliQAOA_transfer,top50,5,92001,37,646,0.00246429443359375,24.974743750008884,37,54.36419999999982,not_in_gurobi_pool,,1100110100111100011,00000000010101011,110011010011110001100000000010101011
QAOA_reduced_surrogate_JuliQAOA_transfer,top50,5,92001,38,647,0.002468109130859375,24.985743750002484,38,54.375199999999786,not_in_gurobi_pool,,1010110100111100011,00000000010101011,101011010011110001100000000010101011
QAOA_reduced_surrogate_JuliQAOA_transfer,top50,5,92001,39,614,0.00234222412109375,25.07574375000445,39,54.46519999999982,not_in_gurobi_pool,,1100110100111010011,00000000010101101,110011010011101001100000000010101101
QAOA_reduced_surrogate_JuliQAOA_transfer,top50,5,92001,40,716,0.0027313232421875,25.08674374999896,40,54.476199999999785,not_in_gurobi_pool,,1010110100111010011,00000000010101101,101011010011101001100000000010101101
QAOA_reduced_surrogate_JuliQAOA_transfer,top50,5,92001,41,602,0.00229644775390625,25.5067437500054,41,54.89619999999986,not_in_gurobi_pool,,1100110100111001011,00000000010101110,110011010011100101100000000010101110
QAOA_reduced_surrogate_JuliQAOA_transfer,top50,5,92001,42,668,0.0025482177734375,25.51774374999991,42,54.907199999999825,not_in_gurobi_pool,,1010110100111001011,00000000010101110,101011010011100101100000000010101110
QAOA_reduced_surrogate_JuliQAOA_transfer,top50,5,92001,107,608,0.0023193359375,60.007068750009466,44,57.33529999999977,not_in_gurobi_pool,,0000110100111100011,01000000010001011,000011010011110001101000000010001011
QAOA_reduced_surrogate_JuliQAOA_transfer,top50,5,92001,108,580,0.0022125244140625,60.0070687500081,43,57.33529999999977,not_in_gurobi_pool,,0000010100111100011,01000000010001011,000001010011110001101000000010001011
QAOA_reduced_surrogate_JuliQAOA_transfer,top50,5,92001,109,602,0.00229644775390625,60.108068750000484,46,57.43629999999977,not_in_gurobi_pool,,0000110100111010011,01000000010001101,000011010011101001101000000010001101
QAOA_reduced_surrogate_JuliQAOA_transfer,top50,5,92001,110,571,0.002178192138671875,60.1080687499973,45,57.43629999999977,not_in_gurobi_pool,,0000010100111010011,01000000010001101,000001010011101001101000000010001101
QAOA_reduced_surrogate_JuliQAOA_transfer,top50,5,92001,111,135,0.000514984130859375,60.12956875000941,47,57.45779999999977,not_in_gurobi_pool,,0001110100111100011,00000000000001011,000111010011110001100000000000001011
QAOA_reduced_surrogate_JuliQAOA_transfer,top50,5,92001,112,139,0.000530242919921875,60.23056874999952,48,57.55879999999977,not_in_gurobi_pool,,0001110100111010011,00000000000001101,000111010011101001100000000000001101
QAOA_reduced_surrogate_JuliQAOA_transfer,top50,5,92001,113,583,0.002223968505859375,60.53906875000462,49,57.86729999999981,not_in_gurobi_pool,,0000010100111001011,01000000010001110,000001010011100101101000000010001110
QAOA_reduced_surrogate_JuliQAOA_transfer,top50,5,92001,114,569,0.002170562744140625,60.53906875000507,50,57.86729999999981,not_in_gurobi_pool,,0000110100111001011,01000000010001110,000011010011100101101000000010001110
QAOA_reduced_surrogate_JuliQAOA_transfer,top10,5,92001,1,1647,0.006282806396484375,-14.838956249999,6,14.550499999999772,gurobi_pool,14.5505,1001110110011100011,00000101010000011,100111011001110001100000101010000011
QAOA_reduced_surrogate_JuliQAOA_transfer,top10,5,92001,2,1677,0.006397247314453125,-14.737956250001616,9,14.651499999999885,gurobi_pool,14.651499999999999,1001110110011010011,00000101010000101,100111011001101001100000101010000101
QAOA_reduced_surrogate_JuliQAOA_transfer,top10,5,92001,3,1681,0.006412506103515625,-14.306956250002486,12,15.082499999999925,gurobi_pool,15.0825,1001110110011001011,00000101010000110,100111011001100101100000101010000110
QAOA_reduced_surrogate_JuliQAOA_transfer,top10,5,92001,4,1529,0.005832672119140625,-11.31495624998729,22,18.074499999999887,gurobi_pool,18.0745,1001110101011100011,00000101010000011,100111010101110001100000101010000011
QAOA_reduced_surrogate_JuliQAOA_transfer,top10,5,92001,5,1455,0.005550384521484375,-11.213956249992634,25,18.175499999999772,gurobi_pool,18.175500000000003,1001110101011010011,00000101010000101,100111010101101001100000101010000101
QAOA_reduced_surrogate_JuliQAOA_transfer,top10,5,92001,6,1510,0.00576019287109375,-10.782956249990775,28,18.606499999999812,gurobi_pool,18.6065,1001110101011001011,00000101010000110,100111010101100101100000101010000110
QAOA_reduced_surrogate_JuliQAOA_transfer,top10,5,92001,7,1683,0.006420135498046875,-9.920956250002291,31,19.468499999999715,gurobi_pool,19.4685,1001110110010000101,00000101010000000,100111011001000010100000101010000000
QAOA_reduced_surrogate_JuliQAOA_transfer,top10,5,92001,8,1467,0.005596160888671875,-6.396956250000585,36,22.99249999999971,gurobi_pool,22.9925,1001110101010000101,00000101010000000,100111010101000010100000101010000000
QAOA_reduced_surrogate_JuliQAOA_transfer,top10,5,92001,9,1598,0.00609588623046875,-4.2454812499993295,4,14.456899999999834,gurobi_pool,14.456900000000001,1100110110011100011,00000001011100011,110011011001110001100000001011100011
QAOA_reduced_surrogate_JuliQAOA_transfer,top10,5,92001,10,1562,0.00595855712890625,-4.234481250005729,5,14.467899999999801,gurobi_pool,14.4679,1010110110011100011,00000100011100011,101011011001110001100000100011100011
QAOA_reduced_surrogate_JuliQAOA_transfer,top10,5,92001,11,1585,0.006046295166015625,-4.144481249999217,7,14.557899999999947,gurobi_pool,14.5579,1100110110011010011,00000001011100101,110011011001101001100000001011100101
QAOA_reduced_surrogate_JuliQAOA_transfer,top10,5,92001,12,1647,0.006282806396484375,-4.1334812500047065,8,14.568899999999914,gurobi_pool,14.5689,1010110110011010011,00000100011100101,101011011001101001100000100011100101
QAOA_reduced_surrogate_JuliQAOA_transfer,top10,5,92001,13,1608,0.006134033203125,-3.713481250001905,10,14.988899999999987,gurobi_pool,14.9889,1100110110011001011,00000001011100110,110011011001100101100000001011100110
QAOA_reduced_surrogate_JuliQAOA_transfer,top10,5,92001,14,1559,0.005947113037109375,-3.702481250007395,11,14.999899999999954,gurobi_pool,14.9999,1010110110011001011,00000100011100110,101011011001100101100000100011100110
QAOA_reduced_surrogate_JuliQAOA_transfer,top10,5,92001,15,1466,0.00559234619140625,-0.7214812499867094,20,17.98089999999995,gurobi_pool,17.980900000000002,1100110101011100011,00000001011100011,110011010101110001100000001011100011
QAOA_reduced_surrogate_JuliQAOA_transfer,top10,5,92001,16,1500,0.0057220458984375,-0.7104812499931086,21,17.991899999999916,gurobi_pool,17.9919,1010110101011100011,00000100011100011,101011010101110001100000100011100011
QAOA_reduced_surrogate_JuliQAOA_transfer,top10,5,92001,17,1484,0.0056610107421875,-0.6204812499893251,23,18.081899999999834,gurobi_pool,18.0819,1100110101011010011,00000001011100101,110011010101101001100000001011100101
QAOA_reduced_surrogate_JuliQAOA_transfer,top10,5,92001,18,1396,0.0053253173828125,-0.6094812499948148,24,18.0928999999998,gurobi_pool,18.0929,1010110101011010011,00000100011100101,101011010101101001100000100011100101
QAOA_reduced_surrogate_JuliQAOA_transfer,top10,5,92001,19,1437,0.005481719970703125,-0.18948124998928506,26,18.512899999999874,gurobi_pool,18.512900000000002,1100110101011001011,00000001011100110,110011010101100101100000001011100110
QAOA_reduced_surrogate_JuliQAOA_transfer,top10,5,92001,20,1483,0.005657196044921875,-0.17848124999477477,27,18.52389999999984,gurobi_pool,18.5239,1010110101011001011,00000100011100110,101011010101100101100000100011100110
QAOA_reduced_surrogate_JuliQAOA_transfer,top10,5,92001,21,1601,0.006107330322265625,0.6725187499946514,29,19.374899999999855,gurobi_pool,19.3749,1100110110010000101,00000001011100000,110011011001000010100000001011100000
QAOA_reduced_surrogate_JuliQAOA_transfer,top10,5,92001,22,1522,0.00580596923828125,0.6835187499918902,30,19.385899999999822,gurobi_pool,19.3859,1010110110010000101,00000100011100000,101011011001000010100000100011100000
QAOA_reduced_surrogate_JuliQAOA_transfer,top10,5,92001,23,1382,0.00527191162109375,4.196518749997267,34,22.898899999999855,gurobi_pool,22.8989,1100110101010000101,00000001011100000,110011010101000010100000001011100000
QAOA_reduced_surrogate_JuliQAOA_transfer,top10,5,92001,24,1374,0.00524139404296875,4.207518749994506,35,22.909899999999823,gurobi_pool,22.9099,1010110101010000101,00000100011100000,101011010101000010100000100011100000
QAOA_reduced_surrogate_JuliQAOA_transfer,top10,5,92001,25,1766,0.00673675537109375,8.559593749997475,13,16.574900000000014,gurobi_pool,16.5749,1100101100111100011,00000001000000011,110010110011110001100000001000000011
QAOA_reduced_surrogate_JuliQAOA_transfer,top10,5,92001,26,1765,0.006732940673828125,8.570593749997443,14,16.58589999999998,gurobi_pool,16.5859,1010101100111100011,00000100000000011,101010110011110001100000100000000011
QAOA_reduced_surrogate_JuliQAOA_transfer,top10,5,92001,27,1717,0.006549835205078125,8.660593749995769,16,16.6758999999999,gurobi_pool,16.6759,1100101100111010011,00000001000000101,110010110011101001100000001000000101
QAOA_reduced_surrogate_JuliQAOA_transfer,top10,5,92001,28,1741,0.006641387939453125,8.671593749996646,17,16.686899999999866,gurobi_pool,16.686899999999998,1010101100111010011,00000100000000101,101010110011101001100000100000000101
QAOA_reduced_surrogate_JuliQAOA_transfer,top10,5,92001,29,1709,0.006519317626953125,9.091593749997628,18,17.10689999999994,gurobi_pool,17.1069,1100101100111001011,00000001000000110,110010110011100101100000001000000110
QAOA_reduced_surrogate_JuliQAOA_transfer,top10,5,92001,30,1768,0.006744384765625,9.102593749998505,19,17.117899999999906,gurobi_pool,17.1179,1010101100111001011,00000100000000110,101010110011100101100000100000000110
QAOA_reduced_surrogate_JuliQAOA_transfer,top10,5,92001,31,1683,0.006420135498046875,13.477593750000096,32,21.492899999999736,gurobi_pool,21.492900000000002,1100101100110000101,00000001000000000,110010110011000010100000001000000000
QAOA_reduced_surrogate_JuliQAOA_transfer,top10,5,92001,32,1770,0.00675201416015625,13.488593750003702,33,21.503899999999703,gurobi_pool,21.503899999999998,1010101100110000101,00000100000000000,101010110011000010100000100000000000
QAOA_reduced_surrogate_JuliQAOA_transfer,top10,5,92001,33,1007,0.003841400146484375,14.381268750008303,1,11.70949999999975,global_optimum,11.7095,1001110100111100011,00000000000001011,100111010011110001100000000000001011
QAOA_reduced_surrogate_JuliQAOA_transfer,top10,5,92001,34,1014,0.00386810302734375,14.48226875000114,2,11.810499999999749,gurobi_pool,11.8105,1001110100111010011,00000000000001101,100111010011101001100000000000001101
QAOA_reduced_surrogate_JuliQAOA_transfer,top10,5,92001,35,981,0.003742218017578125,14.913268750003908,3,12.241499999999789,gurobi_pool,12.2415,1001110100111001011,00000000000001110,100111010011100101100000000000001110
QAOA_reduced_surrogate_JuliQAOA_transfer,top10,5,92001,36,1046,0.00399017333984375,19.299268750002284,15,16.627499999999586,gurobi_pool,16.6275,1001110100110000101,00000000000001000,100111010011000010100000000000001000
QAOA_reduced_surrogate_JuliQAOA_transfer,top10,5,92001,37,660,0.0025177001953125,24.974743750008884,37,54.36419999999982,not_in_gurobi_pool,,1100110100111100011,00000000010101011,110011010011110001100000000010101011
QAOA_reduced_surrogate_JuliQAOA_transfer,top10,5,92001,38,672,0.0025634765625,24.985743750002484,38,54.375199999999786,not_in_gurobi_pool,,1010110100111100011,00000000010101011,101011010011110001100000000010101011
QAOA_reduced_surrogate_JuliQAOA_transfer,top10,5,92001,39,634,0.00241851806640625,25.07574375000445,39,54.46519999999982,not_in_gurobi_pool,,1100110100111010011,00000000010101101,110011010011101001100000000010101101
QAOA_reduced_surrogate_JuliQAOA_transfer,top10,5,92001,40,735,0.002803802490234375,25.08674374999896,40,54.476199999999785,not_in_gurobi_pool,,1010110100111010011,00000000010101101,101011010011101001100000000010101101
QAOA_reduced_surrogate_JuliQAOA_transfer,top10,5,92001,41,601,0.002292633056640625,25.5067437500054,41,54.89619999999986,not_in_gurobi_pool,,1100110100111001011,00000000010101110,110011010011100101100000000010101110
QAOA_reduced_surrogate_JuliQAOA_transfer,top10,5,92001,42,691,0.002635955810546875,25.51774374999991,42,54.907199999999825,not_in_gurobi_pool,,1010110100111001011,00000000010101110,101011010011100101100000000010101110
QAOA_reduced_surrogate_JuliQAOA_transfer,top10,5,92001,107,603,0.002300262451171875,60.007068750009466,44,57.33529999999977,not_in_gurobi_pool,,0000110100111100011,01000000010001011,000011010011110001101000000010001011
QAOA_reduced_surrogate_JuliQAOA_transfer,top10,5,92001,108,586,0.00223541259765625,60.0070687500081,43,57.33529999999977,not_in_gurobi_pool,,0000010100111100011,01000000010001011,000001010011110001101000000010001011
QAOA_reduced_surrogate_JuliQAOA_transfer,top10,5,92001,109,587,0.002239227294921875,60.108068750000484,46,57.43629999999977,not_in_gurobi_pool,,0000110100111010011,01000000010001101,000011010011101001101000000010001101
QAOA_reduced_surrogate_JuliQAOA_transfer,top10,5,92001,110,568,0.002166748046875,60.1080687499973,45,57.43629999999977,not_in_gurobi_pool,,0000010100111010011,01000000010001101,000001010011101001101000000010001101
QAOA_reduced_surrogate_JuliQAOA_transfer,top10,5,92001,111,148,0.0005645751953125,60.12956875000941,47,57.45779999999977,not_in_gurobi_pool,,0001110100111100011,00000000000001011,000111010011110001100000000000001011
QAOA_reduced_surrogate_JuliQAOA_transfer,top10,5,92001,112,158,0.00060272216796875,60.23056874999952,48,57.55879999999977,not_in_gurobi_pool,,0001110100111010011,00000000000001101,000111010011101001100000000000001101
QAOA_reduced_surrogate_JuliQAOA_transfer,top10,5,92001,113,597,0.002277374267578125,60.53906875000462,49,57.86729999999981,not_in_gurobi_pool,,0000010100111001011,01000000010001110,000001010011100101101000000010001110
QAOA_reduced_surrogate_JuliQAOA_transfer,top10,5,92001,114,537,0.002048492431640625,60.53906875000507,50,57.86729999999981,not_in_gurobi_pool,,0000110100111001011,01000000010001110,000011010011100101101000000010001110
