algorithm,result,reads,probability,qubo_energy,energy_check_abs_error,match,projection_match,encoded_match,aux_consistent,best_aux_bits,best_full_bits_for_projection,best_aux_qubo_energy,qubo_energy_gap_to_best_aux,aux_hamming_to_best,matched_ip_obj,flow_bits,full_bits,number_of_reads,maximum_iterations,number_of_layers,use_fast_aer_backend,fast_aer_precision,fast_aer_threads,fast_mps_truncation_threshold,fast_mps_max_bond_dimension,repaired_match,repaired_aux_bits,repaired_full_bits,repaired_qubo_energy,raw_to_repaired_qubo_gap,aux_hamming_to_repaired,repaired_matches_gurobi_pool,repaired_matches_global_optimum,repaired_ip_objective_if_pool
QAOA,1,1,0.015625,444.21889999999973,0.0,not_in_gurobi_pool,not_in_gurobi_pool,not_in_gurobi_pool,,,,,,,,1100110101000000101,110011010100000010101101010010101010,64,3,1,true,single,36,1.0e-10,64,not_in_gurobi_pool,00000001011100000,110011010100000010100000001011100000,102.23249999999985,341.9863999999999,8,false,false,
QAOA,2,1,0.015625,610.1220999999997,0.0,not_in_gurobi_pool,not_in_gurobi_pool,not_in_gurobi_pool,,,,,,,,1100110110100100010,110011011010010001001000000001001101,64,3,1,true,single,36,1.0e-10,64,not_in_gurobi_pool,00000000001101011,110011011010010001000000000001101011,439.12889999999976,170.99319999999994,4,false,false,
QAOA,3,1,0.015625,645.1043999999997,0.0,not_in_gurobi_pool,not_in_gurobi_pool,not_in_gurobi_pool,,,,,,,,0010010000000010000,001001000000001000010100110001001100,64,3,1,true,single,36,1.0e-10,64,not_in_gurobi_pool,10010100011100000,001001000000001000010010100011100000,345.86629999999974,299.2381,7,false,false,
QAOA,4,1,0.015625,663.4563999999998,1.1368683772161603e-13,not_in_gurobi_pool,not_in_gurobi_pool,not_in_gurobi_pool,,,,,,,,1100101000111100101,110010100011110010101101011110100000,64,3,1,true,single,36,1.0e-10,64,not_in_gurobi_pool,00000001000000000,110010100011110010100000001000000000,278.7216999999998,384.7347,7,false,false,
QAOA,5,1,0.015625,664.6963999999997,1.1368683772161603e-13,not_in_gurobi_pool,not_in_gurobi_pool,not_in_gurobi_pool,,,,,,,,1100001101011001011,110000110101100101111010000010001100,64,3,1,true,single,36,1.0e-10,64,not_in_gurobi_pool,00000101110000110,110000110101100101100000101110000110,151.7167999999998,512.9795999999999,8,false,false,
QAOA,6,1,0.015625,698.5631999999996,0.0,not_in_gurobi_pool,not_in_gurobi_pool,not_in_gurobi_pool,,,,,,,,1011000110010100011,101100011001010001100010100010001111,64,3,1,true,single,36,1.0e-10,64,not_in_gurobi_pool,00100010010000011,101100011001010001100100010010000011,442.07339999999965,256.48979999999995,6,false,false,
QAOA,7,1,0.015625,740.9019999999997,0.0,not_in_gurobi_pool,not_in_gurobi_pool,not_in_gurobi_pool,,,,,,,,0100001010001000001,010000101000100000111101110100100001,64,3,1,true,single,36,1.0e-10,64,not_in_gurobi_pool,10001101110000000,010000101000100000110001101110000000,441.6638999999998,299.2380999999999,7,false,false,
QAOA,8,1,0.015625,743.3400999999997,0.0,not_in_gurobi_pool,not_in_gurobi_pool,not_in_gurobi_pool,,,,,,,,1000110001010100001,100011000101010000100010110111011011,64,3,1,true,single,36,1.0e-10,64,not_in_gurobi_pool,11000101011000000,100011000101010000111000101011000000,401.3536999999997,341.98639999999995,10,false,false,
QAOA,9,1,0.015625,782.2551999999997,1.1368683772161603e-13,not_in_gurobi_pool,not_in_gurobi_pool,not_in_gurobi_pool,,,,,,,,0110110001001000001,011011000100100000110001100110111101,64,3,1,true,single,36,1.0e-10,64,not_in_gurobi_pool,10001000011110000,011011000100100000110001000011110000,525.7653999999998,256.48979999999995,6,false,false,
QAOA,10,1,0.015625,788.2762999999998,1.1368683772161603e-13,not_in_gurobi_pool,not_in_gurobi_pool,not_in_gurobi_pool,,,,,,,,1010001101100100001,101000110110010000111000101010011001,64,3,1,true,single,36,1.0e-10,64,not_in_gurobi_pool,10000100000000000,101000110110010000110000100000000000,531.7864999999997,256.48980000000006,6,false,false,
QAOA,11,1,0.015625,991.2032999999997,0.0,not_in_gurobi_pool,not_in_gurobi_pool,not_in_gurobi_pool,,,,,,,,1011110100001010100,101111010000101010000100110111011110,64,3,1,true,single,36,1.0e-10,64,not_in_gurobi_pool,00010100010100000,101111010000101010000010100010100000,563.7202999999997,427.48299999999995,10,false,false,
QAOA,12,1,0.015625,993.2727999999996,0.0,not_in_gurobi_pool,not_in_gurobi_pool,not_in_gurobi_pool,,,,,,,,0100000010001010000,010000001000101000010110100000101010,64,3,1,true,single,36,1.0e-10,64,not_in_gurobi_pool,10100001011000000,010000001000101000010100001011000000,394.7965999999998,598.4761999999998,8,false,false,
QAOA,13,1,0.015625,999.9167999999996,0.0,not_in_gurobi_pool,not_in_gurobi_pool,not_in_gurobi_pool,,,,,,,,1100001010100010011,110000101010001001111101010111000001,64,3,1,true,single,36,1.0e-10,64,not_in_gurobi_pool,00000001000000101,110000101010001001100000001000000101,572.4337999999998,427.48299999999983,10,false,false,
QAOA,14,1,0.015625,1047.6670999999997,0.0,not_in_gurobi_pool,not_in_gurobi_pool,not_in_gurobi_pool,,,,,,,,1100001101010010001,110000110101001000111110100011111100,64,3,1,true,single,36,1.0e-10,64,not_in_gurobi_pool,10000101110000000,110000110101001000110000101110000000,363.69429999999977,683.9727999999999,10,false,false,
QAOA,15,1,0.015625,1049.1390999999999,0.0,not_in_gurobi_pool,not_in_gurobi_pool,not_in_gurobi_pool,,,,,,,,0100110101001011111,010011010100101111111000111111100101,64,3,1,true,single,36,1.0e-10,64,not_in_gurobi_pool,00000001011100100,010011010100101111100000001011100100,621.6560999999999,427.48299999999995,6,false,false,
QAOA,16,1,0.015625,1089.0598999999997,0.0,not_in_gurobi_pool,not_in_gurobi_pool,not_in_gurobi_pool,,,,,,,,1101101101100010010,110110110110001001001001101001010010,64,3,1,true,single,36,1.0e-10,64,not_in_gurobi_pool,00000001000000101,110110110110001001000000001000000101,576.0802999999996,512.9796000000001,8,false,false,
QAOA,17,1,0.015625,1089.6373999999996,0.0,not_in_gurobi_pool,not_in_gurobi_pool,not_in_gurobi_pool,,,,,,,,0010110001011101000,001011000101110100000000011101100111,64,3,1,true,single,36,1.0e-10,64,not_in_gurobi_pool,10000100011100000,001011000101110100010000100011100000,533.9094999999998,555.7278999999999,9,false,false,
QAOA,18,1,0.015625,1137.1586999999995,0.0,not_in_gurobi_pool,not_in_gurobi_pool,not_in_gurobi_pool,,,,,,,,0010110101101001111,001011010110100111100001100100010000,64,3,1,true,single,36,1.0e-10,64,not_in_gurobi_pool,00000000010101110,001011010110100111100000000010101110,666.9273999999996,470.2312999999999,9,false,false,
QAOA,19,1,0.015625,1170.7569999999996,0.0,not_in_gurobi_pool,not_in_gurobi_pool,not_in_gurobi_pool,,,,,,,,1010100001101011010,101010000110101101001110000000111100,64,3,1,true,single,36,1.0e-10,64,not_in_gurobi_pool,00100000010000100,101010000110101101000100000010000100,743.2739999999997,427.48299999999995,6,false,false,
QAOA,20,1,0.015625,1175.3879999999997,2.2737367544323206e-13,not_in_gurobi_pool,not_in_gurobi_pool,not_in_gurobi_pool,,,,,,,,0100011110011010001,010001111001101000111111110010101011,64,3,1,true,single,36,1.0e-10,64,not_in_gurobi_pool,10000011110100000,010001111001101000110000011110100000,491.4151999999995,683.9728000000002,10,false,false,
QAOA,21,1,0.015625,1177.9089999999997,0.0,not_in_gurobi_pool,not_in_gurobi_pool,not_in_gurobi_pool,,,,,,,,1100111101000101100,110011110100010110011000010010100000,64,3,1,true,single,36,1.0e-10,64,not_in_gurobi_pool,00000101110100000,110011110100010110000000101110100000,921.4191999999996,256.48980000000006,6,false,false,
QAOA,22,1,0.015625,1187.2349999999997,0.0,not_in_gurobi_pool,not_in_gurobi_pool,not_in_gurobi_pool,,,,,,,,0100001001010010110,010000100101001011011010010000100011,64,3,1,true,single,36,1.0e-10,64,not_in_gurobi_pool,00000011110000101,010000100101001011000000011110000101,631.5070999999996,555.7279000000001,9,false,false,
QAOA,23,1,0.015625,1217.0857999999994,0.0,not_in_gurobi_pool,not_in_gurobi_pool,not_in_gurobi_pool,,,,,,,,1011110001110100000,101111000111010000011011100110101000,64,3,1,true,single,36,1.0e-10,64,not_in_gurobi_pool,10000000000101000,101111000111010000010000000000101000,704.1061999999997,512.9795999999997,6,false,false,
QAOA,24,1,0.015625,1224.1742999999997,0.0,not_in_gurobi_pool,not_in_gurobi_pool,not_in_gurobi_pool,,,,,,,,0010111001010101010,001011100101010101010011010111110101,64,3,1,true,single,36,1.0e-10,64,not_in_gurobi_pool,00000111010100010,001011100101010101000000111010100010,753.9429999999998,470.2312999999999,11,false,false,
QAOA,25,1,0.015625,1225.0232999999998,2.2737367544323206e-13,not_in_gurobi_pool,not_in_gurobi_pool,not_in_gurobi_pool,,,,,,,,0010101001111010000,001010100111101000010110011111010110,64,3,1,true,single,36,1.0e-10,64,not_in_gurobi_pool,10000100000000000,001010100111101000010000100000000000,498.3021999999997,726.7211000000002,11,false,false,
QAOA,26,1,0.015625,1225.9092999999996,2.2737367544323206e-13,not_in_gurobi_pool,not_in_gurobi_pool,not_in_gurobi_pool,,,,,,,,1100111110111001101,110011111011100110111111101001111011,64,3,1,true,single,36,1.0e-10,64,not_in_gurobi_pool,00000001000101000,110011111011100110100000001000101000,456.43989999999974,769.4693999999998,10,false,false,
QAOA,27,1,0.015625,1253.5375999999994,0.0,not_in_gurobi_pool,not_in_gurobi_pool,not_in_gurobi_pool,,,,,,,,1100000001100100001,110000000110010000101000100110110100,64,3,1,true,single,36,1.0e-10,64,not_in_gurobi_pool,10100000010000000,110000000110010000110100000010000000,655.0613999999997,598.4761999999997,8,false,false,
QAOA,28,1,0.015625,1260.6305999999995,0.0,not_in_gurobi_pool,not_in_gurobi_pool,not_in_gurobi_pool,,,,,,,,0010110001011101001,001011000101110100100111011100001010,64,3,1,true,single,36,1.0e-10,64,not_in_gurobi_pool,10000100011100000,001011000101110100110000100011100000,533.9094999999998,726.7210999999998,13,false,false,
QAOA,29,1,0.015625,1298.1163999999994,0.0,not_in_gurobi_pool,not_in_gurobi_pool,not_in_gurobi_pool,,,,,,,,1101011101000010001,110101110100001000111110100101100110,64,3,1,true,single,36,1.0e-10,64,not_in_gurobi_pool,10000101100100000,110101110100001000110000101100100000,742.3884999999996,555.7278999999999,7,false,false,
QAOA,30,1,0.015625,1395.3799999999997,0.0,not_in_gurobi_pool,not_in_gurobi_pool,not_in_gurobi_pool,,,,,,,,0101011101010011011,010101110101001101100011111101001010,64,3,1,true,single,36,1.0e-10,64,not_in_gurobi_pool,00000101100100100,010101110101001101100000101100100100,967.8969999999995,427.4830000000002,8,false,false,
QAOA,31,1,0.015625,1424.2302999999997,0.0,not_in_gurobi_pool,not_in_gurobi_pool,not_in_gurobi_pool,,,,,,,,0101000010101010001,010100001010101000110000011010010010,64,3,1,true,single,36,1.0e-10,64,not_in_gurobi_pool,10100000000000000,010100001010101000110100000000000000,996.7472999999998,427.48299999999995,6,false,false,
QAOA,32,1,0.015625,1430.9967999999994,0.0,not_in_gurobi_pool,not_in_gurobi_pool,not_in_gurobi_pool,,,,,,,,0100110010100100101,010011001010010010100010011100010110,64,3,1,true,single,36,1.0e-10,64,not_in_gurobi_pool,00000000010101000,010011001010010010100000000010101000,747.0239999999997,683.9727999999998,10,false,false,
QAOA,33,1,0.015625,1469.6330999999996,0.0,not_in_gurobi_pool,not_in_gurobi_pool,not_in_gurobi_pool,,,,,,,,0100011010001101000,010001101000110100000000110001110110,64,3,1,true,single,36,1.0e-10,64,not_in_gurobi_pool,10000101110100000,010001101000110100010000101110100000,999.4017999999996,470.2312999999999,9,false,false,
QAOA,34,1,0.015625,1470.1415999999995,0.0,not_in_gurobi_pool,not_in_gurobi_pool,not_in_gurobi_pool,,,,,,,,1101000110111010000,110100011011101000011110011110101110,64,3,1,true,single,36,1.0e-10,64,not_in_gurobi_pool,10100000000000000,110100011011101000010100000000000000,615.1755999999997,854.9659999999998,10,false,false,
QAOA,35,1,0.015625,1475.9185999999997,0.0,not_in_gurobi_pool,not_in_gurobi_pool,not_in_gurobi_pool,,,,,,,,0101111110011101000,010111111001110100011111011001000100,64,3,1,true,single,36,1.0e-10,64,not_in_gurobi_pool,10000101100100000,010111111001110100010000101100100000,791.9457999999997,683.9728,10,false,false,
QAOA,36,1,0.015625,1519.0628999999997,0.0,not_in_gurobi_pool,not_in_gurobi_pool,not_in_gurobi_pool,,,,,,,,0101101110000110100,010110111000011010010000010110011010,64,3,1,true,single,36,1.0e-10,64,not_in_gurobi_pool,00000101100000000,010110111000011010000000101100000000,1091.5798999999995,427.4830000000002,8,false,false,
QAOA,37,1,0.015625,1601.3754999999996,0.0,not_in_gurobi_pool,not_in_gurobi_pool,not_in_gurobi_pool,,,,,,,,0011100110000101110,001110011000010111010110100000110100,64,3,1,true,single,36,1.0e-10,64,not_in_gurobi_pool,00100100010000010,001110011000010111000100100010000010,1131.1441999999997,470.2312999999999,7,false,false,
QAOA,38,1,0.015625,1604.2909999999995,0.0,not_in_gurobi_pool,not_in_gurobi_pool,not_in_gurobi_pool,,,,,,,,1100000001110101010,110000000111010101011011111001000111,64,3,1,true,single,36,1.0e-10,64,not_in_gurobi_pool,00100000001000010,110000000111010101000100000001000010,749.3249999999996,854.9659999999999,10,false,false,
QAOA,39,1,0.015625,1609.4239999999995,0.0,not_in_gurobi_pool,not_in_gurobi_pool,not_in_gurobi_pool,,,,,,,,0100110110110101100,010011011011010110000111100010101011,64,3,1,true,single,36,1.0e-10,64,not_in_gurobi_pool,00000000010101000,010011011011010110000000000010101000,925.4511999999995,683.9728,6,false,false,
QAOA,40,1,0.015625,1643.2137999999995,0.0,not_in_gurobi_pool,not_in_gurobi_pool,not_in_gurobi_pool,,,,,,,,1011100000111011101,101110000011101110111111100100101110,64,3,1,true,single,36,1.0e-10,64,not_in_gurobi_pool,00100000000000000,101110000011101110100100000000000000,788.2477999999996,854.9659999999999,10,false,false,
QAOA,41,1,0.015625,1644.6867999999995,0.0,not_in_gurobi_pool,not_in_gurobi_pool,not_in_gurobi_pool,,,,,,,,1101111001100100011,110111100110010001110101101111100000,64,3,1,true,single,36,1.0e-10,64,not_in_gurobi_pool,00000001000101011,110111100110010001100000001000101011,875.2173999999995,769.4694,10,false,false,
QAOA,42,1,0.015625,1646.0437999999995,0.0,not_in_gurobi_pool,not_in_gurobi_pool,not_in_gurobi_pool,,,,,,,,1101010110010011100,110101011001001110001011001000001001,64,3,1,true,single,36,1.0e-10,64,not_in_gurobi_pool,00000001010100000,110101011001001110000000001010100000,1004.8192999999997,641.2244999999998,7,false,false,
QAOA,43,1,0.015625,1647.5972999999994,0.0,not_in_gurobi_pool,not_in_gurobi_pool,not_in_gurobi_pool,,,,,,,,0010001000011101100,001000100001110110011001101100001011,64,3,1,true,single,36,1.0e-10,64,not_in_gurobi_pool,00010111010000000,001000100001110110000010111010000000,878.1278999999997,769.4693999999997,10,false,false,
QAOA,44,1,0.015625,1663.6297999999997,0.0,not_in_gurobi_pool,not_in_gurobi_pool,not_in_gurobi_pool,,,,,,,,0011101111011101100,001110111101110110000111110101010100,64,3,1,true,single,36,1.0e-10,64,not_in_gurobi_pool,00000111000000000,001110111101110110000000111000000000,1065.1535999999996,598.4762000000001,8,false,false,
QAOA,45,1,0.015625,1692.6690999999996,0.0,not_in_gurobi_pool,not_in_gurobi_pool,not_in_gurobi_pool,,,,,,,,0101001010101010101,010100101010101010100000000011100001,64,3,1,true,single,36,1.0e-10,64,not_in_gurobi_pool,00000001000000000,010100101010101010100000001000000000,1222.4377999999997,470.2312999999999,5,false,false,
QAOA,46,1,0.015625,1697.2440999999994,0.0,not_in_gurobi_pool,not_in_gurobi_pool,not_in_gurobi_pool,,,,,,,,0101011110011001111,010101111001100111111111110101111000,64,3,1,true,single,36,1.0e-10,64,not_in_gurobi_pool,00000101100100110,010101111001100111100000101100100110,842.2780999999995,854.9659999999999,12,false,false,
QAOA,47,1,0.015625,1726.5758999999994,0.0,not_in_gurobi_pool,not_in_gurobi_pool,not_in_gurobi_pool,,,,,,,,1100011110100011000,110001111010001100001101000111011001,64,3,1,true,single,36,1.0e-10,64,not_in_gurobi_pool,10000001000101000,110001111010001100010000001000101000,1085.3513999999996,641.2244999999998,11,false,false,
QAOA,48,1,0.015625,1727.1433999999995,0.0,not_in_gurobi_pool,not_in_gurobi_pool,not_in_gurobi_pool,,,,,,,,0101011000001011100,010101100000101110001000011101100000,64,3,1,true,single,36,1.0e-10,64,not_in_gurobi_pool,00010101100100000,010101100000101110000010101100100000,1513.4018999999994,213.7415000000001,5,false,false,
QAOA,49,1,0.015625,1813.9239999999995,0.0,not_in_gurobi_pool,not_in_gurobi_pool,not_in_gurobi_pool,,,,,,,,0101001010101010000,010100101010101000000110100111010101,64,3,1,true,single,36,1.0e-10,64,not_in_gurobi_pool,10000001000000000,010100101010101000010000001000000000,1087.2028999999995,726.7211,11,false,false,
QAOA,50,1,0.015625,1821.120499999999,0.0,not_in_gurobi_pool,not_in_gurobi_pool,not_in_gurobi_pool,,,,,,,,0100010001101001110,010001000110100111011100111001001000,64,3,1,true,single,36,1.0e-10,64,not_in_gurobi_pool,00000000010101110,010001000110100111000000000010101110,1094.3993999999996,726.7210999999995,11,false,false,
QAOA,51,1,0.015625,1825.7184999999995,0.0,not_in_gurobi_pool,not_in_gurobi_pool,not_in_gurobi_pool,,,,,,,,1100011010110001110,110001101011000111011101100011001010,64,3,1,true,single,36,1.0e-10,64,not_in_gurobi_pool,00000001000101110,110001101011000111000000001000101110,1056.2490999999995,769.4694,10,false,false,
QAOA,52,1,0.015625,1860.2491999999997,4.547473508864641e-13,not_in_gurobi_pool,not_in_gurobi_pool,not_in_gurobi_pool,,,,,,,,0111001110001100100,011100111000110010000100001101110110,64,3,1,true,single,36,1.0e-10,64,not_in_gurobi_pool,00000101000100000,011100111000110010000000101000100000,1475.5144999999998,384.7347,7,false,false,
QAOA,53,1,0.015625,1900.8031999999994,0.0,not_in_gurobi_pool,not_in_gurobi_pool,not_in_gurobi_pool,,,,,,,,1000000010101101111,100000001010110111100101110010110101,64,3,1,true,single,36,1.0e-10,64,not_in_gurobi_pool,01100000010000010,100000001010110111101100000010000010,1003.0888999999995,897.7142999999999,9,false,false,
QAOA,54,1,0.015625,1950.4218999999994,0.0,not_in_gurobi_pool,not_in_gurobi_pool,not_in_gurobi_pool,,,,,,,,1101101001100110101,110110100110011010111000100111000010,64,3,1,true,single,36,1.0e-10,64,not_in_gurobi_pool,00000001000000000,110110100110011010100000001000000000,1266.4490999999996,683.9727999999998,8,false,false,
QAOA,55,1,0.015625,1983.3995999999988,4.547473508864641e-13,not_in_gurobi_pool,not_in_gurobi_pool,not_in_gurobi_pool,,,,,,,,0110010101100010000,011001010110001000011100101101000011,64,3,1,true,single,36,1.0e-10,64,not_in_gurobi_pool,10000000010111000,011001010110001000010000000010111000,957.4403999999996,1025.9591999999993,12,false,false,
QAOA,56,1,0.015625,1994.9525999999992,0.0,not_in_gurobi_pool,not_in_gurobi_pool,not_in_gurobi_pool,,,,,,,,1110001001100011111,111000100110001111101101011101100111,64,3,1,true,single,36,1.0e-10,64,not_in_gurobi_pool,00000000000100100,111000100110001111100000000000100100,1268.2314999999994,726.7210999999998,9,false,false,
QAOA,57,1,0.015625,2032.8984999999993,0.0,not_in_gurobi_pool,not_in_gurobi_pool,not_in_gurobi_pool,,,,,,,,1011001010101100110,101100101010110011011110101010001100,64,3,1,true,single,36,1.0e-10,64,not_in_gurobi_pool,00000100000000011,101100101010110011000000100000000011,1263.4290999999996,769.4693999999997,10,false,false,
QAOA,58,1,0.015625,2034.5943999999995,4.547473508864641e-13,not_in_gurobi_pool,not_in_gurobi_pool,not_in_gurobi_pool,,,,,,,,0111101010101100100,011110101010110010011100010000001000,64,3,1,true,single,36,1.0e-10,64,not_in_gurobi_pool,00000000000100000,011110101010110010000000000000100000,1607.1113999999993,427.4830000000002,6,false,false,
QAOA,59,1,0.015625,2079.9067999999993,0.0,not_in_gurobi_pool,not_in_gurobi_pool,not_in_gurobi_pool,,,,,,,,0101101010101101110,010110101010110111010001111000011000,64,3,1,true,single,36,1.0e-10,64,not_in_gurobi_pool,00000001000000010,010110101010110111000000001000000010,1438.6822999999995,641.2244999999998,7,false,false,
QAOA,60,1,0.015625,2113.9010999999996,4.547473508864641e-13,not_in_gurobi_pool,not_in_gurobi_pool,not_in_gurobi_pool,,,,,,,,0101001110100110001,010100111010011000110001100111011110,64,3,1,true,single,36,1.0e-10,64,not_in_gurobi_pool,10000001000000000,010100111010011000110000001000000000,1258.9350999999997,854.9659999999999,10,false,false,
QAOA,61,1,0.015625,2114.931099999999,4.547473508864641e-13,not_in_gurobi_pool,not_in_gurobi_pool,not_in_gurobi_pool,,,,,,,,1011000111100010001,101100011110001000111001101110100110,64,3,1,true,single,36,1.0e-10,64,not_in_gurobi_pool,10100000000000000,101100011110001000110100000000000000,1259.9650999999994,854.9659999999994,10,false,false,
QAOA,62,1,0.015625,2154.8208999999993,0.0,not_in_gurobi_pool,not_in_gurobi_pool,not_in_gurobi_pool,,,,,,,,1010010010001111111,101001001000111111111011001101111110,64,3,1,true,single,36,1.0e-10,64,not_in_gurobi_pool,00000100011010000,101001001000111111100000100011010000,1214.3582999999994,940.4625999999998,12,false,false,
QAOA,63,1,0.015625,2534.5845999999988,4.547473508864641e-13,not_in_gurobi_pool,not_in_gurobi_pool,not_in_gurobi_pool,,,,,,,,1010010010100111000,101001001010011100001111100001000011,64,3,1,true,single,36,1.0e-10,64,not_in_gurobi_pool,10000000010101000,101001001010011100010000000010101000,1679.6185999999993,854.9659999999994,12,false,false,
QAOA,64,1,0.015625,2712.690299999999,0.0,not_in_gurobi_pool,not_in_gurobi_pool,not_in_gurobi_pool,,,,,,,,1011110010100111101,101111001010011110111101001010110000,64,3,1,true,single,36,1.0e-10,64,not_in_gurobi_pool,00000000000101000,101111001010011110100000000000101000,1943.2208999999993,769.4693999999995,8,false,false,
