angle_source,p,number_of_reads,maximum_iterations,gamma_sign,guarantee_3regular_maxcut,initial_parameters,qiskit_parameter_names,result,reads,probability,qubo_energy,energy_check_abs_error,match,projection_match,encoded_match,aux_consistent,best_aux_bits,best_full_bits_for_projection,best_aux_qubo_energy,qubo_energy_gap_to_best_aux,aux_hamming_to_best,matched_ip_obj,flow_bits,full_bits,use_fast_aer_backend,fast_aer_precision,fast_aer_threads,fast_mps_truncation_threshold,fast_mps_max_bond_dimension,repaired_match,repaired_aux_bits,repaired_full_bits,repaired_qubo_energy,raw_to_repaired_qubo_gap,aux_hamming_to_repaired,repaired_matches_gurobi_pool,repaired_matches_global_optimum,repaired_ip_objective_if_pool
Wurtz-Lykov 3-regular tree fixed-angle table; arXiv:2107.00677,4,128,25,-1,0.8169,0.6;0.434;0.297;0.159;-0.409;-0.781;-0.988;-1.156,β[0];β[1];β[2];β[3];γ[0];γ[1];γ[2];γ[3],1,1,0.0078125,367.68439999999975,5.684341886080802e-14,not_in_gurobi_pool,not_in_gurobi_pool,not_in_gurobi_pool,,,,,,,,0000110110110000101,000011011011000010101000000010010011,true,single,36,1.0e-10,64,not_in_gurobi_pool,01000000010001000,000011011011000010101000000010001000,196.6911999999997,170.99320000000006,4,false,false,
Wurtz-Lykov 3-regular tree fixed-angle table; arXiv:2107.00677,4,128,25,-1,0.8169,0.6;0.434;0.297;0.159;-0.409;-0.781;-0.988;-1.156,β[0];β[1];β[2];β[3];γ[0];γ[1];γ[2];γ[3],2,1,0.0078125,397.9876,1.1368683772161603e-13,not_in_gurobi_pool,not_in_gurobi_pool,not_in_gurobi_pool,,,,,,,,1100101110001100011,110010111000110001100101101111100110,true,single,36,1.0e-10,64,not_in_gurobi_pool,00000101110000011,110010111000110001100000101110000011,141.49779999999976,256.48980000000023,6,false,false,
Wurtz-Lykov 3-regular tree fixed-angle table; arXiv:2107.00677,4,128,25,-1,0.8169,0.6;0.434;0.297;0.159;-0.409;-0.781;-0.988;-1.156,β[0];β[1];β[2];β[3];γ[0];γ[1];γ[2];γ[3],3,1,0.0078125,400.5940999999997,0.0,not_in_gurobi_pool,not_in_gurobi_pool,not_in_gurobi_pool,,,,,,,,1101110110110000001,110111011011000000110001000000011000,true,single,36,1.0e-10,64,not_in_gurobi_pool,10001000000101000,110111011011000000110001000000101000,400.59409999999957,1.1368683772161603e-13,2,false,false,
Wurtz-Lykov 3-regular tree fixed-angle table; arXiv:2107.00677,4,128,25,-1,0.8169,0.6;0.434;0.297;0.159;-0.409;-0.781;-0.988;-1.156,β[0];β[1];β[2];β[3];γ[0];γ[1];γ[2];γ[3],4,1,0.0078125,405.1371999999999,1.1368683772161603e-13,not_in_gurobi_pool,not_in_gurobi_pool,not_in_gurobi_pool,,,,,,,,0001001101001001011,000100110100100101100000011000000110,true,single,36,1.0e-10,64,not_in_gurobi_pool,00000111100000110,000100110100100101100000111100000110,319.64059999999984,85.49660000000006,2,false,false,
Wurtz-Lykov 3-regular tree fixed-angle table; arXiv:2107.00677,4,128,25,-1,0.8169,0.6;0.434;0.297;0.159;-0.409;-0.781;-0.988;-1.156,β[0];β[1];β[2];β[3];γ[0];γ[1];γ[2];γ[3],5,1,0.0078125,410.43269999999984,1.1368683772161603e-13,not_in_gurobi_pool,not_in_gurobi_pool,not_in_gurobi_pool,,,,,,,,0000110110110000101,000011011011000010111001000000001110,true,single,36,1.0e-10,64,not_in_gurobi_pool,01000000010001000,000011011011000010101000000010001000,196.6911999999997,213.74150000000014,5,false,false,
Wurtz-Lykov 3-regular tree fixed-angle table; arXiv:2107.00677,4,128,25,-1,0.8169,0.6;0.434;0.297;0.159;-0.409;-0.781;-0.988;-1.156,β[0];β[1];β[2];β[3];γ[0];γ[1];γ[2];γ[3],6,1,0.0078125,437.36239999999964,1.1368683772161603e-13,not_in_gurobi_pool,not_in_gurobi_pool,not_in_gurobi_pool,,,,,,,,1011110101001000001,101111010100100000110000010101101000,true,single,36,1.0e-10,64,not_in_gurobi_pool,10001100010100000,101111010100100000110001100010100000,309.1174999999997,128.24489999999992,7,false,false,
Wurtz-Lykov 3-regular tree fixed-angle table; arXiv:2107.00677,4,128,25,-1,0.8169,0.6;0.434;0.297;0.159;-0.409;-0.781;-0.988;-1.156,β[0];β[1];β[2];β[3];γ[0];γ[1];γ[2];γ[3],7,1,0.0078125,438.7574999999998,0.0,not_in_gurobi_pool,not_in_gurobi_pool,not_in_gurobi_pool,,,,,,,,1001101110000000000,100110111000000000000000101000000101,true,single,36,1.0e-10,64,not_in_gurobi_pool,10001111100000000,100110111000000000010001111100000000,182.26769999999976,256.48980000000006,6,false,false,
Wurtz-Lykov 3-regular tree fixed-angle table; arXiv:2107.00677,4,128,25,-1,0.8169,0.6;0.434;0.297;0.159;-0.409;-0.781;-0.988;-1.156,β[0];β[1];β[2];β[3];γ[0];γ[1];γ[2];γ[3],8,1,0.0078125,442.4608999999998,0.0,not_in_gurobi_pool,not_in_gurobi_pool,not_in_gurobi_pool,,,,,,,,0100101100000000101,010010110000000010100000010101011000,true,single,36,1.0e-10,64,not_in_gurobi_pool,00010101110000000,010010110000000010100010101110000000,185.9710999999998,256.4898,8,false,false,
Wurtz-Lykov 3-regular tree fixed-angle table; arXiv:2107.00677,4,128,25,-1,0.8169,0.6;0.434;0.297;0.159;-0.409;-0.781;-0.988;-1.156,β[0];β[1];β[2];β[3];γ[0];γ[1];γ[2];γ[3],9,1,0.0078125,446.5318999999998,0.0,not_in_gurobi_pool,not_in_gurobi_pool,not_in_gurobi_pool,,,,,,,,0010101101000000010,001010110100000001001000011001000101,true,single,36,1.0e-10,64,not_in_gurobi_pool,00001111010000111,001010110100000001000001111010000111,275.5386999999999,170.9931999999999,6,false,false,
Wurtz-Lykov 3-regular tree fixed-angle table; arXiv:2107.00677,4,128,25,-1,0.8169,0.6;0.434;0.297;0.159;-0.409;-0.781;-0.988;-1.156,β[0];β[1];β[2];β[3];γ[0];γ[1];γ[2];γ[3],10,1,0.0078125,496.25919999999985,0.0,not_in_gurobi_pool,not_in_gurobi_pool,not_in_gurobi_pool,,,,,,,,0100101101000000111,010010110100000011100101010110100111,true,single,36,1.0e-10,64,not_in_gurobi_pool,00000101110000111,010010110100000011100000101110000111,325.26599999999985,170.9932,6,false,false,
Wurtz-Lykov 3-regular tree fixed-angle table; arXiv:2107.00677,4,128,25,-1,0.8169,0.6;0.434;0.297;0.159;-0.409;-0.781;-0.988;-1.156,β[0];β[1];β[2];β[3];γ[0];γ[1];γ[2];γ[3],11,1,0.0078125,497.3422999999998,1.1368683772161603e-13,not_in_gurobi_pool,not_in_gurobi_pool,not_in_gurobi_pool,,,,,,,,0000101110111011011,000010111011101101100000001000000000,true,single,36,1.0e-10,64,not_in_gurobi_pool,01000101000000100,000010111011101101101000101000000100,369.09739999999977,128.24490000000003,3,false,false,
Wurtz-Lykov 3-regular tree fixed-angle table; arXiv:2107.00677,4,128,25,-1,0.8169,0.6;0.434;0.297;0.159;-0.409;-0.781;-0.988;-1.156,β[0];β[1];β[2];β[3];γ[0];γ[1];γ[2];γ[3],12,1,0.0078125,527.4845,1.1368683772161603e-13,not_in_gurobi_pool,not_in_gurobi_pool,not_in_gurobi_pool,,,,,,,,1010101100011101011,101010110001110101100011010100000011,true,single,36,1.0e-10,64,not_in_gurobi_pool,00010111010000010,101010110001110101100010111010000010,270.99469999999974,256.4898000000003,6,false,false,
Wurtz-Lykov 3-regular tree fixed-angle table; arXiv:2107.00677,4,128,25,-1,0.8169,0.6;0.434;0.297;0.159;-0.409;-0.781;-0.988;-1.156,β[0];β[1];β[2];β[3];γ[0];γ[1];γ[2];γ[3],13,1,0.0078125,532.6854999999997,0.0,not_in_gurobi_pool,not_in_gurobi_pool,not_in_gurobi_pool,,,,,,,,0100101110101010011,010010111010101001100100000100010000,true,single,36,1.0e-10,64,not_in_gurobi_pool,00000001000000101,010010111010101001100000001000000101,361.6922999999998,170.9931999999999,6,false,false,
Wurtz-Lykov 3-regular tree fixed-angle table; arXiv:2107.00677,4,128,25,-1,0.8169,0.6;0.434;0.297;0.159;-0.409;-0.781;-0.988;-1.156,β[0];β[1];β[2];β[3];γ[0];γ[1];γ[2];γ[3],14,1,0.0078125,541.5723999999998,2.2737367544323206e-13,not_in_gurobi_pool,not_in_gurobi_pool,not_in_gurobi_pool,,,,,,,,0110101101110000011,011010110111000001100000000000100111,true,single,36,1.0e-10,64,not_in_gurobi_pool,00001000000010111,011010110111000001100001000000010111,498.8240999999997,42.748300000000086,3,false,false,
Wurtz-Lykov 3-regular tree fixed-angle table; arXiv:2107.00677,4,128,25,-1,0.8169,0.6;0.434;0.297;0.159;-0.409;-0.781;-0.988;-1.156,β[0];β[1];β[2];β[3];γ[0];γ[1];γ[2];γ[3],15,1,0.0078125,543.7053999999998,2.2737367544323206e-13,not_in_gurobi_pool,not_in_gurobi_pool,not_in_gurobi_pool,,,,,,,,0110101110110000101,011010111011000010110000010000011000,true,single,36,1.0e-10,64,not_in_gurobi_pool,00000000000100000,011010111011000010100000000000100000,415.4604999999997,128.24490000000014,5,false,false,
Wurtz-Lykov 3-regular tree fixed-angle table; arXiv:2107.00677,4,128,25,-1,0.8169,0.6;0.434;0.297;0.159;-0.409;-0.781;-0.988;-1.156,β[0];β[1];β[2];β[3];γ[0];γ[1];γ[2];γ[3],16,1,0.0078125,564.1153999999998,0.0,not_in_gurobi_pool,not_in_gurobi_pool,not_in_gurobi_pool,,,,,,,,1001100110001100011,100110011000110001100000101001001100,true,single,36,1.0e-10,64,not_in_gurobi_pool,00100010101000011,100110011000110001100100010101000011,264.8772999999998,299.2381,9,false,false,
Wurtz-Lykov 3-regular tree fixed-angle table; arXiv:2107.00677,4,128,25,-1,0.8169,0.6;0.434;0.297;0.159;-0.409;-0.781;-0.988;-1.156,β[0];β[1];β[2];β[3];γ[0];γ[1];γ[2];γ[3],17,1,0.0078125,564.9607999999997,0.0,not_in_gurobi_pool,not_in_gurobi_pool,not_in_gurobi_pool,,,,,,,,0010100110000000001,001010011000000000110000100000100000,true,single,36,1.0e-10,64,not_in_gurobi_pool,10101100011000000,001010011000000000110101100011000000,265.7226999999998,299.2380999999999,5,false,false,
Wurtz-Lykov 3-regular tree fixed-angle table; arXiv:2107.00677,4,128,25,-1,0.8169,0.6;0.434;0.297;0.159;-0.409;-0.781;-0.988;-1.156,β[0];β[1];β[2];β[3];γ[0];γ[1];γ[2];γ[3],18,1,0.0078125,566.3226999999996,1.1368683772161603e-13,not_in_gurobi_pool,not_in_gurobi_pool,not_in_gurobi_pool,,,,,,,,0110110110000000011,011011011000000001100000000110101111,true,single,36,1.0e-10,64,not_in_gurobi_pool,00001000011110111,011011011000000001100001000011110111,352.58119999999974,213.74149999999986,5,false,false,
Wurtz-Lykov 3-regular tree fixed-angle table; arXiv:2107.00677,4,128,25,-1,0.8169,0.6;0.434;0.297;0.159;-0.409;-0.781;-0.988;-1.156,β[0];β[1];β[2];β[3];γ[0];γ[1];γ[2];γ[3],19,1,0.0078125,567.9952999999998,1.1368683772161603e-13,not_in_gurobi_pool,not_in_gurobi_pool,not_in_gurobi_pool,,,,,,,,0011110110001110011,001111011000111001100000011001010000,true,single,36,1.0e-10,64,not_in_gurobi_pool,00000100010100001,001111011000111001100000100010100001,482.49869999999964,85.49660000000017,8,false,false,
Wurtz-Lykov 3-regular tree fixed-angle table; arXiv:2107.00677,4,128,25,-1,0.8169,0.6;0.434;0.297;0.159;-0.409;-0.781;-0.988;-1.156,β[0];β[1];β[2];β[3];γ[0];γ[1];γ[2];γ[3],20,1,0.0078125,572.9432999999998,1.1368683772161603e-13,not_in_gurobi_pool,not_in_gurobi_pool,not_in_gurobi_pool,,,,,,,,0101101110001110011,010110111000111001100000010100000001,true,single,36,1.0e-10,64,not_in_gurobi_pool,00000101100000001,010110111000111001100000101100000001,530.1949999999996,42.7483000000002,3,false,false,
Wurtz-Lykov 3-regular tree fixed-angle table; arXiv:2107.00677,4,128,25,-1,0.8169,0.6;0.434;0.297;0.159;-0.409;-0.781;-0.988;-1.156,β[0];β[1];β[2];β[3];γ[0];γ[1];γ[2];γ[3],21,1,0.0078125,573.8877999999997,1.1368683772161603e-13,not_in_gurobi_pool,not_in_gurobi_pool,not_in_gurobi_pool,,,,,,,,1010101101001011010,101010110100101101000000011001001101,true,single,36,1.0e-10,64,not_in_gurobi_pool,00000111010000100,101010110100101101000000111010000100,360.14629999999977,213.74149999999997,5,false,false,
Wurtz-Lykov 3-regular tree fixed-angle table; arXiv:2107.00677,4,128,25,-1,0.8169,0.6;0.434;0.297;0.159;-0.409;-0.781;-0.988;-1.156,β[0];β[1];β[2];β[3];γ[0];γ[1];γ[2];γ[3],22,1,0.0078125,578.1728,1.1368683772161603e-13,not_in_gurobi_pool,not_in_gurobi_pool,not_in_gurobi_pool,,,,,,,,1010101101001100101,101010110100110010100000010010100010,true,single,36,1.0e-10,64,not_in_gurobi_pool,00000110101000000,101010110100110010100000110101000000,407.17959999999977,170.9932000000003,6,false,false,
Wurtz-Lykov 3-regular tree fixed-angle table; arXiv:2107.00677,4,128,25,-1,0.8169,0.6;0.434;0.297;0.159;-0.409;-0.781;-0.988;-1.156,β[0];β[1];β[2];β[3];γ[0];γ[1];γ[2];γ[3],23,1,0.0078125,609.1246999999997,0.0,not_in_gurobi_pool,not_in_gurobi_pool,not_in_gurobi_pool,,,,,,,,0001000110001000011,000100011000100001101000000010000111,true,single,36,1.0e-10,64,not_in_gurobi_pool,00101101010000111,000100011000100001100101101010000111,395.38319999999976,213.74149999999997,5,false,false,
Wurtz-Lykov 3-regular tree fixed-angle table; arXiv:2107.00677,4,128,25,-1,0.8169,0.6;0.434;0.297;0.159;-0.409;-0.781;-0.988;-1.156,β[0];β[1];β[2];β[3];γ[0];γ[1];γ[2];γ[3],24,1,0.0078125,610.7435999999998,2.2737367544323206e-13,not_in_gurobi_pool,not_in_gurobi_pool,not_in_gurobi_pool,,,,,,,,0011110110001110011,001111011000111001100000011010010100,true,single,36,1.0e-10,64,not_in_gurobi_pool,00000100010100001,001111011000111001100000100010100001,482.49869999999964,128.24490000000014,7,false,false,
Wurtz-Lykov 3-regular tree fixed-angle table; arXiv:2107.00677,4,128,25,-1,0.8169,0.6;0.434;0.297;0.159;-0.409;-0.781;-0.988;-1.156,β[0];β[1];β[2];β[3];γ[0];γ[1];γ[2];γ[3],25,1,0.0078125,612.6626999999999,1.1368683772161603e-13,not_in_gurobi_pool,not_in_gurobi_pool,not_in_gurobi_pool,,,,,,,,1001101110001110011,100110111000111001110100111000010101,true,single,36,1.0e-10,64,not_in_gurobi_pool,00000111100000001,100110111000111001100000111100000001,313.4245999999997,299.23810000000014,5,false,false,
Wurtz-Lykov 3-regular tree fixed-angle table; arXiv:2107.00677,4,128,25,-1,0.8169,0.6;0.434;0.297;0.159;-0.409;-0.781;-0.988;-1.156,β[0];β[1];β[2];β[3];γ[0];γ[1];γ[2];γ[3],26,1,0.0078125,614.2276999999999,1.1368683772161603e-13,not_in_gurobi_pool,not_in_gurobi_pool,not_in_gurobi_pool,,,,,,,,0001100101001110011,000110010100111001110100001110000011,true,single,36,1.0e-10,64,not_in_gurobi_pool,00100011010000001,000110010100111001100100011010000001,443.23449999999974,170.99320000000017,4,false,false,
Wurtz-Lykov 3-regular tree fixed-angle table; arXiv:2107.00677,4,128,25,-1,0.8169,0.6;0.434;0.297;0.159;-0.409;-0.781;-0.988;-1.156,β[0];β[1];β[2];β[3];γ[0];γ[1];γ[2];γ[3],27,1,0.0078125,616.0936999999999,3.410605131648481e-13,not_in_gurobi_pool,not_in_gurobi_pool,not_in_gurobi_pool,,,,,,,,0001101110001101011,000110111000110101100000010110010010,true,single,36,1.0e-10,64,not_in_gurobi_pool,00000111100000010,000110111000110101100000111100000010,359.6038999999997,256.4898000000002,4,false,false,
Wurtz-Lykov 3-regular tree fixed-angle table; arXiv:2107.00677,4,128,25,-1,0.8169,0.6;0.434;0.297;0.159;-0.409;-0.781;-0.988;-1.156,β[0];β[1];β[2];β[3];γ[0];γ[1];γ[2];γ[3],28,1,0.0078125,616.6177,0.0,not_in_gurobi_pool,not_in_gurobi_pool,not_in_gurobi_pool,,,,,,,,1001101101001101010,100110110100110101000001010100000010,true,single,36,1.0e-10,64,not_in_gurobi_pool,00000111100000010,100110110100110101000000111100000010,402.8761999999997,213.74150000000031,3,false,false,
Wurtz-Lykov 3-regular tree fixed-angle table; arXiv:2107.00677,4,128,25,-1,0.8169,0.6;0.434;0.297;0.159;-0.409;-0.781;-0.988;-1.156,β[0];β[1];β[2];β[3];γ[0];γ[1];γ[2];γ[3],29,1,0.0078125,620.7715999999997,1.1368683772161603e-13,not_in_gurobi_pool,not_in_gurobi_pool,not_in_gurobi_pool,,,,,,,,1101110101111110011,110111010111111001100000101000011001,true,single,36,1.0e-10,64,not_in_gurobi_pool,00000000000101001,110111010111111001100000000000101001,449.7783999999997,170.9932,4,false,false,
Wurtz-Lykov 3-regular tree fixed-angle table; arXiv:2107.00677,4,128,25,-1,0.8169,0.6;0.434;0.297;0.159;-0.409;-0.781;-0.988;-1.156,β[0];β[1];β[2];β[3];γ[0];γ[1];γ[2];γ[3],30,1,0.0078125,651.3242999999998,1.1368683772161603e-13,not_in_gurobi_pool,not_in_gurobi_pool,not_in_gurobi_pool,,,,,,,,0110101100001100011,011010110000110001100100101100000111,true,single,36,1.0e-10,64,not_in_gurobi_pool,00010101010100011,011010110000110001100010101010100011,394.8344999999997,256.48980000000006,6,false,false,
Wurtz-Lykov 3-regular tree fixed-angle table; arXiv:2107.00677,4,128,25,-1,0.8169,0.6;0.434;0.297;0.159;-0.409;-0.781;-0.988;-1.156,β[0];β[1];β[2];β[3];γ[0];γ[1];γ[2];γ[3],31,1,0.0078125,653.0112999999997,0.0,not_in_gurobi_pool,not_in_gurobi_pool,not_in_gurobi_pool,,,,,,,,1110110110101010011,111011011010101001100000000001010100,true,single,36,1.0e-10,64,not_in_gurobi_pool,00000000001111101,111011011010101001100000000001111101,524.7663999999996,128.24490000000003,3,false,false,
Wurtz-Lykov 3-regular tree fixed-angle table; arXiv:2107.00677,4,128,25,-1,0.8169,0.6;0.434;0.297;0.159;-0.409;-0.781;-0.988;-1.156,β[0];β[1];β[2];β[3];γ[0];γ[1];γ[2];γ[3],32,1,0.0078125,657.5588999999998,0.0,not_in_gurobi_pool,not_in_gurobi_pool,not_in_gurobi_pool,,,,,,,,0101110110000000100,010111011000000010000000101000000011,true,single,36,1.0e-10,64,not_in_gurobi_pool,00000001010100000,010111011000000010000000001010100000,443.81739999999974,213.74150000000003,5,false,false,
Wurtz-Lykov 3-regular tree fixed-angle table; arXiv:2107.00677,4,128,25,-1,0.8169,0.6;0.434;0.297;0.159;-0.409;-0.781;-0.988;-1.156,β[0];β[1];β[2];β[3];γ[0];γ[1];γ[2];γ[3],33,1,0.0078125,660.3764999999996,0.0,not_in_gurobi_pool,not_in_gurobi_pool,not_in_gurobi_pool,,,,,,,,1000010110111011010,100001011011101101000000001010100000,true,single,36,1.0e-10,64,not_in_gurobi_pool,01000000010001100,100001011011101101001000000010001100,446.63499999999965,213.74149999999997,5,false,false,
Wurtz-Lykov 3-regular tree fixed-angle table; arXiv:2107.00677,4,128,25,-1,0.8169,0.6;0.434;0.297;0.159;-0.409;-0.781;-0.988;-1.156,β[0];β[1];β[2];β[3];γ[0];γ[1];γ[2];γ[3],34,1,0.0078125,663.4993999999998,1.1368683772161603e-13,not_in_gurobi_pool,not_in_gurobi_pool,not_in_gurobi_pool,,,,,,,,1100101110111110001,110010111011111000110000000000011000,true,single,36,1.0e-10,64,not_in_gurobi_pool,10000000100000000,110010111011111000110000000100000000,535.2544999999999,128.24489999999992,3,false,false,
Wurtz-Lykov 3-regular tree fixed-angle table; arXiv:2107.00677,4,128,25,-1,0.8169,0.6;0.434;0.297;0.159;-0.409;-0.781;-0.988;-1.156,β[0];β[1];β[2];β[3];γ[0];γ[1];γ[2];γ[3],35,1,0.0078125,696.1465999999998,1.1368683772161603e-13,not_in_gurobi_pool,not_in_gurobi_pool,not_in_gurobi_pool,,,,,,,,0110110110001110011,011011011000111001100000011010100000,true,single,36,1.0e-10,64,not_in_gurobi_pool,00000000011110001,011011011000111001100000000011110001,482.4050999999996,213.7415000000002,5,false,false,
Wurtz-Lykov 3-regular tree fixed-angle table; arXiv:2107.00677,4,128,25,-1,0.8169,0.6;0.434;0.297;0.159;-0.409;-0.781;-0.988;-1.156,β[0];β[1];β[2];β[3];γ[0];γ[1];γ[2];γ[3],36,1,0.0078125,701.6007,1.1368683772161603e-13,not_in_gurobi_pool,not_in_gurobi_pool,not_in_gurobi_pool,,,,,,,,1010101101001110010,101010110100111001000100010000001000,true,single,36,1.0e-10,64,not_in_gurobi_pool,00000111010000001,101010110100111001000000111010000001,359.61429999999984,341.9864000000001,6,false,false,
Wurtz-Lykov 3-regular tree fixed-angle table; arXiv:2107.00677,4,128,25,-1,0.8169,0.6;0.434;0.297;0.159;-0.409;-0.781;-0.988;-1.156,β[0];β[1];β[2];β[3];γ[0];γ[1];γ[2];γ[3],37,1,0.0078125,705.6615999999995,0.0,not_in_gurobi_pool,not_in_gurobi_pool,not_in_gurobi_pool,,,,,,,,0110110110111110011,011011011011111001100000000001110000,true,single,36,1.0e-10,64,not_in_gurobi_pool,00000000010111001,011011011011111001100000000010111001,620.1649999999995,85.49659999999994,4,false,false,
Wurtz-Lykov 3-regular tree fixed-angle table; arXiv:2107.00677,4,128,25,-1,0.8169,0.6;0.434;0.297;0.159;-0.409;-0.781;-0.988;-1.156,β[0];β[1];β[2];β[3];γ[0];γ[1];γ[2];γ[3],38,1,0.0078125,706.4701999999996,0.0,not_in_gurobi_pool,not_in_gurobi_pool,not_in_gurobi_pool,,,,,,,,0101110110011000100,010111011001100010010000110100010000,true,single,36,1.0e-10,64,not_in_gurobi_pool,00000001010100000,010111011001100010000000001010100000,449.9803999999997,256.48979999999995,8,false,false,
Wurtz-Lykov 3-regular tree fixed-angle table; arXiv:2107.00677,4,128,25,-1,0.8169,0.6;0.434;0.297;0.159;-0.409;-0.781;-0.988;-1.156,β[0];β[1];β[2];β[3];γ[0];γ[1];γ[2];γ[3],39,1,0.0078125,707.6612999999998,0.0,not_in_gurobi_pool,not_in_gurobi_pool,not_in_gurobi_pool,,,,,,,,1001101110100100111,100110111010010011100100100100000101,true,single,36,1.0e-10,64,not_in_gurobi_pool,00000101000000011,100110111010010011100000101000000011,579.4163999999998,128.24489999999992,5,false,false,
Wurtz-Lykov 3-regular tree fixed-angle table; arXiv:2107.00677,4,128,25,-1,0.8169,0.6;0.434;0.297;0.159;-0.409;-0.781;-0.988;-1.156,β[0];β[1];β[2];β[3];γ[0];γ[1];γ[2];γ[3],40,1,0.0078125,751.2150999999997,0.0,not_in_gurobi_pool,not_in_gurobi_pool,not_in_gurobi_pool,,,,,,,,0000001110100000100,000000111010000010000100000001001000,true,single,36,1.0e-10,64,not_in_gurobi_pool,01000011000000000,000000111010000010001000011000000000,494.7252999999997,256.48979999999995,6,false,false,
Wurtz-Lykov 3-regular tree fixed-angle table; arXiv:2107.00677,4,128,25,-1,0.8169,0.6;0.434;0.297;0.159;-0.409;-0.781;-0.988;-1.156,β[0];β[1];β[2];β[3];γ[0];γ[1];γ[2];γ[3],41,1,0.0078125,752.4878999999996,0.0,not_in_gurobi_pool,not_in_gurobi_pool,not_in_gurobi_pool,,,,,,,,0110110110110000100,011011011011000010000000000000011011,true,single,36,1.0e-10,64,not_in_gurobi_pool,00000000010111000,011011011011000010000000000010111000,581.4946999999996,170.9932,4,false,false,
Wurtz-Lykov 3-regular tree fixed-angle table; arXiv:2107.00677,4,128,25,-1,0.8169,0.6;0.434;0.297;0.159;-0.409;-0.781;-0.988;-1.156,β[0];β[1];β[2];β[3];γ[0];γ[1];γ[2];γ[3],42,1,0.0078125,752.6005999999998,0.0,not_in_gurobi_pool,not_in_gurobi_pool,not_in_gurobi_pool,,,,,,,,1001101101100100101,100110110110010010100100000000001000,true,single,36,1.0e-10,64,not_in_gurobi_pool,00000101000000000,100110110110010010100000101000000000,581.6073999999999,170.9931999999999,4,false,false,
Wurtz-Lykov 3-regular tree fixed-angle table; arXiv:2107.00677,4,128,25,-1,0.8169,0.6;0.434;0.297;0.159;-0.409;-0.781;-0.988;-1.156,β[0];β[1];β[2];β[3];γ[0];γ[1];γ[2];γ[3],43,1,0.0078125,787.0868999999999,0.0,not_in_gurobi_pool,not_in_gurobi_pool,not_in_gurobi_pool,,,,,,,,0001101110001101010,000110111000110101000100101000001001,true,single,36,1.0e-10,64,not_in_gurobi_pool,00000111100000010,000110111000110101000000111100000010,445.1004999999998,341.9864000000001,6,false,false,
Wurtz-Lykov 3-regular tree fixed-angle table; arXiv:2107.00677,4,128,25,-1,0.8169,0.6;0.434;0.297;0.159;-0.409;-0.781;-0.988;-1.156,β[0];β[1];β[2];β[3];γ[0];γ[1];γ[2];γ[3],44,1,0.0078125,788.7727999999996,0.0,not_in_gurobi_pool,not_in_gurobi_pool,not_in_gurobi_pool,,,,,,,,1101110110111011011,110111011011101101101001000000010000,true,single,36,1.0e-10,64,not_in_gurobi_pool,00000000000101100,110111011011101101100000000000101100,446.7863999999996,341.9864,6,false,false,
Wurtz-Lykov 3-regular tree fixed-angle table; arXiv:2107.00677,4,128,25,-1,0.8169,0.6;0.434;0.297;0.159;-0.409;-0.781;-0.988;-1.156,β[0];β[1];β[2];β[3];γ[0];γ[1];γ[2];γ[3],45,1,0.0078125,828.4274999999997,1.1368683772161603e-13,not_in_gurobi_pool,not_in_gurobi_pool,not_in_gurobi_pool,,,,,,,,1110001100100010100,111000110010001010000000001000010010,true,single,36,1.0e-10,64,not_in_gurobi_pool,00000000000100000,111000110010001010000000000000100000,657.4342999999997,170.9932,4,false,false,
Wurtz-Lykov 3-regular tree fixed-angle table; arXiv:2107.00677,4,128,25,-1,0.8169,0.6;0.434;0.297;0.159;-0.409;-0.781;-0.988;-1.156,β[0];β[1];β[2];β[3];γ[0];γ[1];γ[2];γ[3],46,1,0.0078125,832.6490999999997,0.0,not_in_gurobi_pool,not_in_gurobi_pool,not_in_gurobi_pool,,,,,,,,0101101101000001010,010110110100000101000101010100001011,true,single,36,1.0e-10,64,not_in_gurobi_pool,00000101100000110,010110110100000101000000101100000110,490.66269999999975,341.9864,8,false,false,
Wurtz-Lykov 3-regular tree fixed-angle table; arXiv:2107.00677,4,128,25,-1,0.8169,0.6;0.434;0.297;0.159;-0.409;-0.781;-0.988;-1.156,β[0];β[1];β[2];β[3];γ[0];γ[1];γ[2];γ[3],47,1,0.0078125,835.3165999999997,0.0,not_in_gurobi_pool,not_in_gurobi_pool,not_in_gurobi_pool,,,,,,,,0010110101101000100,001011010110100010000000000100011000,true,single,36,1.0e-10,64,not_in_gurobi_pool,00000000010101000,001011010110100010000000000010101000,664.3233999999997,170.9932,4,false,false,
Wurtz-Lykov 3-regular tree fixed-angle table; arXiv:2107.00677,4,128,25,-1,0.8169,0.6;0.434;0.297;0.159;-0.409;-0.781;-0.988;-1.156,β[0];β[1];β[2];β[3];γ[0];γ[1];γ[2];γ[3],48,1,0.0078125,836.5476999999996,0.0,not_in_gurobi_pool,not_in_gurobi_pool,not_in_gurobi_pool,,,,,,,,0000110101100001101,000011010110000110101101100001011010,true,single,36,1.0e-10,64,not_in_gurobi_pool,01000000010001000,000011010110000110101000000010001000,537.3095999999997,299.2380999999999,7,false,false,
Wurtz-Lykov 3-regular tree fixed-angle table; arXiv:2107.00677,4,128,25,-1,0.8169,0.6;0.434;0.297;0.159;-0.409;-0.781;-0.988;-1.156,β[0];β[1];β[2];β[3];γ[0];γ[1];γ[2];γ[3],49,1,0.0078125,838.4100999999996,0.0,not_in_gurobi_pool,not_in_gurobi_pool,not_in_gurobi_pool,,,,,,,,1101110110111101111,110111011011110111100000001000010110,true,single,36,1.0e-10,64,not_in_gurobi_pool,00000000000101010,110111011011110111100000000000101010,710.1651999999998,128.2448999999998,5,false,false,
Wurtz-Lykov 3-regular tree fixed-angle table; arXiv:2107.00677,4,128,25,-1,0.8169,0.6;0.434;0.297;0.159;-0.409;-0.781;-0.988;-1.156,β[0];β[1];β[2];β[3];γ[0];γ[1];γ[2];γ[3],50,1,0.0078125,861.3777999999996,0.0,not_in_gurobi_pool,not_in_gurobi_pool,not_in_gurobi_pool,,,,,,,,0110110100001101010,011011010000110101000000010101010001,true,single,36,1.0e-10,64,not_in_gurobi_pool,00010000011110010,011011010000110101000010000011110010,562.1396999999995,299.23810000000014,7,false,false,
Wurtz-Lykov 3-regular tree fixed-angle table; arXiv:2107.00677,4,128,25,-1,0.8169,0.6;0.434;0.297;0.159;-0.409;-0.781;-0.988;-1.156,β[0];β[1];β[2];β[3];γ[0];γ[1];γ[2];γ[3],51,1,0.0078125,867.5797999999996,0.0,not_in_gurobi_pool,not_in_gurobi_pool,not_in_gurobi_pool,,,,,,,,0110110110100000001,011011011010000000110000000011010001,true,single,36,1.0e-10,64,not_in_gurobi_pool,10001000010111000,011011011010000000110001000010111000,653.8382999999997,213.74149999999997,5,false,false,
Wurtz-Lykov 3-regular tree fixed-angle table; arXiv:2107.00677,4,128,25,-1,0.8169,0.6;0.434;0.297;0.159;-0.409;-0.781;-0.988;-1.156,β[0];β[1];β[2];β[3];γ[0];γ[1];γ[2];γ[3],52,1,0.0078125,872.5044999999997,0.0,not_in_gurobi_pool,not_in_gurobi_pool,not_in_gurobi_pool,,,,,,,,1001101110101110011,100110111010111001100000100101100100,true,single,36,1.0e-10,64,not_in_gurobi_pool,00000100100000001,100110111010111001100000100100000001,530.5180999999997,341.9864,4,false,false,
Wurtz-Lykov 3-regular tree fixed-angle table; arXiv:2107.00677,4,128,25,-1,0.8169,0.6;0.434;0.297;0.159;-0.409;-0.781;-0.988;-1.156,β[0];β[1];β[2];β[3];γ[0];γ[1];γ[2];γ[3],53,1,0.0078125,873.2079999999996,0.0,not_in_gurobi_pool,not_in_gurobi_pool,not_in_gurobi_pool,,,,,,,,0000110101101010011,000011010110101001100111000000010010,true,single,36,1.0e-10,64,not_in_gurobi_pool,01000000001001101,000011010110101001101000000001001101,360.2283999999997,512.9795999999999,10,false,false,
Wurtz-Lykov 3-regular tree fixed-angle table; arXiv:2107.00677,4,128,25,-1,0.8169,0.6;0.434;0.297;0.159;-0.409;-0.781;-0.988;-1.156,β[0];β[1];β[2];β[3];γ[0];γ[1];γ[2];γ[3],54,1,0.0078125,874.5293999999997,0.0,not_in_gurobi_pool,not_in_gurobi_pool,not_in_gurobi_pool,,,,,,,,0101110101101101011,010111010110110101100000000000010100,true,single,36,1.0e-10,64,not_in_gurobi_pool,00000000000101010,010111010110110101100000000000101010,746.2844999999995,128.24490000000014,5,false,false,
Wurtz-Lykov 3-regular tree fixed-angle table; arXiv:2107.00677,4,128,25,-1,0.8169,0.6;0.434;0.297;0.159;-0.409;-0.781;-0.988;-1.156,β[0];β[1];β[2];β[3];γ[0];γ[1];γ[2];γ[3],55,1,0.0078125,874.5477999999996,0.0,not_in_gurobi_pool,not_in_gurobi_pool,not_in_gurobi_pool,,,,,,,,0110110101101011011,011011010110101101110000000010011100,true,single,36,1.0e-10,64,not_in_gurobi_pool,00000000010111100,011011010110101101100000000010111100,789.0511999999997,85.49659999999994,2,false,false,
Wurtz-Lykov 3-regular tree fixed-angle table; arXiv:2107.00677,4,128,25,-1,0.8169,0.6;0.434;0.297;0.159;-0.409;-0.781;-0.988;-1.156,β[0];β[1];β[2];β[3];γ[0];γ[1];γ[2];γ[3],56,1,0.0078125,876.5893999999997,1.1368683772161603e-13,not_in_gurobi_pool,not_in_gurobi_pool,not_in_gurobi_pool,,,,,,,,1101101101101011011,110110110110101101100101101000100100,true,single,36,1.0e-10,64,not_in_gurobi_pool,00000001000000100,110110110110101101100000001000000100,620.0995999999997,256.48980000000006,4,false,false,
Wurtz-Lykov 3-regular tree fixed-angle table; arXiv:2107.00677,4,128,25,-1,0.8169,0.6;0.434;0.297;0.159;-0.409;-0.781;-0.988;-1.156,β[0];β[1];β[2];β[3];γ[0];γ[1];γ[2];γ[3],57,1,0.0078125,876.7373999999996,0.0,not_in_gurobi_pool,not_in_gurobi_pool,not_in_gurobi_pool,,,,,,,,0101110110111110011,010111011011111001100001010000010001,true,single,36,1.0e-10,64,not_in_gurobi_pool,00000000000101001,010111011011111001100000000000101001,577.4992999999997,299.2380999999999,5,false,false,
Wurtz-Lykov 3-regular tree fixed-angle table; arXiv:2107.00677,4,128,25,-1,0.8169,0.6;0.434;0.297;0.159;-0.409;-0.781;-0.988;-1.156,β[0];β[1];β[2];β[3];γ[0];γ[1];γ[2];γ[3],58,1,0.0078125,884.3393999999996,1.1368683772161603e-13,not_in_gurobi_pool,not_in_gurobi_pool,not_in_gurobi_pool,,,,,,,,0101110101111000101,010111010111100010100110100001101000,true,single,36,1.0e-10,64,not_in_gurobi_pool,00000000000101000,010111010111100010100000000000101000,542.3529999999996,341.9864,4,false,false,
Wurtz-Lykov 3-regular tree fixed-angle table; arXiv:2107.00677,4,128,25,-1,0.8169,0.6;0.434;0.297;0.159;-0.409;-0.781;-0.988;-1.156,β[0];β[1];β[2];β[3];γ[0];γ[1];γ[2];γ[3],59,1,0.0078125,908.6251999999995,0.0,not_in_gurobi_pool,not_in_gurobi_pool,not_in_gurobi_pool,,,,,,,,0010101100001110010,001010110000111001000100001010101010,true,single,36,1.0e-10,64,not_in_gurobi_pool,00010111010000001,001010110000111001000010111010000001,395.6455999999997,512.9795999999998,8,false,false,
Wurtz-Lykov 3-regular tree fixed-angle table; arXiv:2107.00677,4,128,25,-1,0.8169,0.6;0.434;0.297;0.159;-0.409;-0.781;-0.988;-1.156,β[0];β[1];β[2];β[3];γ[0];γ[1];γ[2];γ[3],60,1,0.0078125,909.1387999999997,0.0,not_in_gurobi_pool,not_in_gurobi_pool,not_in_gurobi_pool,,,,,,,,0001001100001101010,000100110000110101000101100110000011,true,single,36,1.0e-10,64,not_in_gurobi_pool,00010111100000010,000100110000110101000010111100000010,524.4040999999996,384.7347000000001,7,false,false,
Wurtz-Lykov 3-regular tree fixed-angle table; arXiv:2107.00677,4,128,25,-1,0.8169,0.6;0.434;0.297;0.159;-0.409;-0.781;-0.988;-1.156,β[0];β[1];β[2];β[3];γ[0];γ[1];γ[2];γ[3],61,1,0.0078125,913.8546999999995,1.1368683772161603e-13,not_in_gurobi_pool,not_in_gurobi_pool,not_in_gurobi_pool,,,,,,,,0101110110101011010,010111011010101101000000000000101001,true,single,36,1.0e-10,64,not_in_gurobi_pool,00000000000101100,010111011010101101000000000000101100,828.3580999999996,85.49659999999994,2,false,false,
Wurtz-Lykov 3-regular tree fixed-angle table; arXiv:2107.00677,4,128,25,-1,0.8169,0.6;0.434;0.297;0.159;-0.409;-0.781;-0.988;-1.156,β[0];β[1];β[2];β[3];γ[0];γ[1];γ[2];γ[3],62,1,0.0078125,914.9007999999999,1.1368683772161603e-13,not_in_gurobi_pool,not_in_gurobi_pool,not_in_gurobi_pool,,,,,,,,0001101110001110011,000110111000111001111000101010011010,true,single,36,1.0e-10,64,not_in_gurobi_pool,00000111100000001,000110111000111001100000111100000001,359.1728999999997,555.7279000000002,9,false,false,
Wurtz-Lykov 3-regular tree fixed-angle table; arXiv:2107.00677,4,128,25,-1,0.8169,0.6;0.434;0.297;0.159;-0.409;-0.781;-0.988;-1.156,β[0];β[1];β[2];β[3];γ[0];γ[1];γ[2];γ[3],63,1,0.0078125,918.6537999999996,0.0,not_in_gurobi_pool,not_in_gurobi_pool,not_in_gurobi_pool,,,,,,,,0001011100111101011,000101110011110101101010100010011001,true,single,36,1.0e-10,64,not_in_gurobi_pool,00000101000001010,000101110011110101100000101000001010,533.9190999999996,384.7347,7,false,false,
Wurtz-Lykov 3-regular tree fixed-angle table; arXiv:2107.00677,4,128,25,-1,0.8169,0.6;0.434;0.297;0.159;-0.409;-0.781;-0.988;-1.156,β[0];β[1];β[2];β[3];γ[0];γ[1];γ[2];γ[3],64,1,0.0078125,921.4146999999996,1.1368683772161603e-13,not_in_gurobi_pool,not_in_gurobi_pool,not_in_gurobi_pool,,,,,,,,1011110110110010100,101111011011001010011000100000000001,true,single,36,1.0e-10,64,not_in_gurobi_pool,00000000000101000,101111011011001010000000000000101000,579.4282999999996,341.9864,6,false,false,
Wurtz-Lykov 3-regular tree fixed-angle table; arXiv:2107.00677,4,128,25,-1,0.8169,0.6;0.434;0.297;0.159;-0.409;-0.781;-0.988;-1.156,β[0];β[1];β[2];β[3];γ[0];γ[1];γ[2];γ[3],65,1,0.0078125,924.8140999999995,1.1368683772161603e-13,not_in_gurobi_pool,not_in_gurobi_pool,not_in_gurobi_pool,,,,,,,,0110110110111000110,011011011011100011000000000001101111,true,single,36,1.0e-10,64,not_in_gurobi_pool,00000000001111111,011011011011100011000000000001111111,882.0657999999994,42.748300000000086,1,false,false,
Wurtz-Lykov 3-regular tree fixed-angle table; arXiv:2107.00677,4,128,25,-1,0.8169,0.6;0.434;0.297;0.159;-0.409;-0.781;-0.988;-1.156,β[0];β[1];β[2];β[3];γ[0];γ[1];γ[2];γ[3],66,1,0.0078125,928.5226999999996,0.0,not_in_gurobi_pool,not_in_gurobi_pool,not_in_gurobi_pool,,,,,,,,0101101110111000101,010110111011100010100010011010010010,true,single,36,1.0e-10,64,not_in_gurobi_pool,00000001000000000,010110111011100010100000001000000000,543.7879999999997,384.7347,5,false,false,
Wurtz-Lykov 3-regular tree fixed-angle table; arXiv:2107.00677,4,128,25,-1,0.8169,0.6;0.434;0.297;0.159;-0.409;-0.781;-0.988;-1.156,β[0];β[1];β[2];β[3];γ[0];γ[1];γ[2];γ[3],67,1,0.0078125,931.8367999999996,1.1368683772161603e-13,not_in_gurobi_pool,not_in_gurobi_pool,not_in_gurobi_pool,,,,,,,,0001101110111101110,000110111011110111000000011000001011,true,single,36,1.0e-10,64,not_in_gurobi_pool,00000011000000010,000110111011110111000000011000000010,846.3401999999996,85.49659999999994,2,false,false,
Wurtz-Lykov 3-regular tree fixed-angle table; arXiv:2107.00677,4,128,25,-1,0.8169,0.6;0.434;0.297;0.159;-0.409;-0.781;-0.988;-1.156,β[0];β[1];β[2];β[3];γ[0];γ[1];γ[2];γ[3],68,1,0.0078125,957.5723999999996,0.0,not_in_gurobi_pool,not_in_gurobi_pool,not_in_gurobi_pool,,,,,,,,1110100110110000011,111010011011000001100000100000011000,true,single,36,1.0e-10,64,not_in_gurobi_pool,00101000010100111,111010011011000001100101000010100111,530.0893999999996,427.48299999999995,10,false,false,
Wurtz-Lykov 3-regular tree fixed-angle table; arXiv:2107.00677,4,128,25,-1,0.8169,0.6;0.434;0.297;0.159;-0.409;-0.781;-0.988;-1.156,β[0];β[1];β[2];β[3];γ[0];γ[1];γ[2];γ[3],69,1,0.0078125,962.6649999999995,0.0,not_in_gurobi_pool,not_in_gurobi_pool,not_in_gurobi_pool,,,,,,,,0101110110111101011,010111011011110101100001100001001011,true,single,36,1.0e-10,64,not_in_gurobi_pool,00000000000101010,010111011011110101100000000000101010,577.9302999999998,384.73469999999975,5,false,false,
Wurtz-Lykov 3-regular tree fixed-angle table; arXiv:2107.00677,4,128,25,-1,0.8169,0.6;0.434;0.297;0.159;-0.409;-0.781;-0.988;-1.156,β[0];β[1];β[2];β[3];γ[0];γ[1];γ[2];γ[3],70,1,0.0078125,966.2694999999999,1.1368683772161603e-13,not_in_gurobi_pool,not_in_gurobi_pool,not_in_gurobi_pool,,,,,,,,0100101110111011000,010010111011101100011101100010010000,true,single,36,1.0e-10,64,not_in_gurobi_pool,10000000100000000,010010111011101100010000000100000000,581.5347999999997,384.7347000000002,7,false,false,
Wurtz-Lykov 3-regular tree fixed-angle table; arXiv:2107.00677,4,128,25,-1,0.8169,0.6;0.434;0.297;0.159;-0.409;-0.781;-0.988;-1.156,β[0];β[1];β[2];β[3];γ[0];γ[1];γ[2];γ[3],71,1,0.0078125,967.1629999999996,0.0,not_in_gurobi_pool,not_in_gurobi_pool,not_in_gurobi_pool,,,,,,,,0011110110111010101,001111011011101010100000001010000101,true,single,36,1.0e-10,64,not_in_gurobi_pool,00000000000101000,001111011011101010100000000000101000,625.1765999999996,341.9864,6,false,false,
Wurtz-Lykov 3-regular tree fixed-angle table; arXiv:2107.00677,4,128,25,-1,0.8169,0.6;0.434;0.297;0.159;-0.409;-0.781;-0.988;-1.156,β[0];β[1];β[2];β[3];γ[0];γ[1];γ[2];γ[3],72,1,0.0078125,971.2489999999996,0.0,not_in_gurobi_pool,not_in_gurobi_pool,not_in_gurobi_pool,,,,,,,,0101101101111011010,010110110111101101000000100001010000,true,single,36,1.0e-10,64,not_in_gurobi_pool,00000001000000100,010110110111101101000000001000000100,672.0108999999997,299.2380999999999,5,false,false,
Wurtz-Lykov 3-regular tree fixed-angle table; arXiv:2107.00677,4,128,25,-1,0.8169,0.6;0.434;0.297;0.159;-0.409;-0.781;-0.988;-1.156,β[0];β[1];β[2];β[3];γ[0];γ[1];γ[2];γ[3],73,1,0.0078125,973.7760999999997,1.1368683772161603e-13,not_in_gurobi_pool,not_in_gurobi_pool,not_in_gurobi_pool,,,,,,,,1001101101111101101,100110110111110110100100010000000100,true,single,36,1.0e-10,64,not_in_gurobi_pool,00000101000000000,100110110111110110100000101000000000,760.0345999999997,213.74149999999997,5,false,false,
Wurtz-Lykov 3-regular tree fixed-angle table; arXiv:2107.00677,4,128,25,-1,0.8169,0.6;0.434;0.297;0.159;-0.409;-0.781;-0.988;-1.156,β[0];β[1];β[2];β[3];γ[0];γ[1];γ[2];γ[3],74,1,0.0078125,991.1506999999997,0.0,not_in_gurobi_pool,not_in_gurobi_pool,not_in_gurobi_pool,,,,,,,,1110001100001110010,111000110000111001011000100110000111,true,single,36,1.0e-10,64,not_in_gurobi_pool,00010101001100001,111000110000111001000010101001100001,649.1642999999996,341.9864000000001,10,false,false,
Wurtz-Lykov 3-regular tree fixed-angle table; arXiv:2107.00677,4,128,25,-1,0.8169,0.6;0.434;0.297;0.159;-0.409;-0.781;-0.988;-1.156,β[0];β[1];β[2];β[3];γ[0];γ[1];γ[2];γ[3],75,1,0.0078125,1003.4142999999995,2.2737367544323206e-13,not_in_gurobi_pool,not_in_gurobi_pool,not_in_gurobi_pool,,,,,,,,0011110110110000010,001111011011000001010011011010101111,true,single,36,1.0e-10,64,not_in_gurobi_pool,00001000000101111,001111011011000001000001000000101111,618.6795999999997,384.73469999999975,5,false,false,
Wurtz-Lykov 3-regular tree fixed-angle table; arXiv:2107.00677,4,128,25,-1,0.8169,0.6;0.434;0.297;0.159;-0.409;-0.781;-0.988;-1.156,β[0];β[1];β[2];β[3];γ[0];γ[1];γ[2];γ[3],76,1,0.0078125,1004.3626999999997,1.1368683772161603e-13,not_in_gurobi_pool,not_in_gurobi_pool,not_in_gurobi_pool,,,,,,,,0110010111001010011,011001011100101001100000001010010010,true,single,36,1.0e-10,64,not_in_gurobi_pool,00000000011110101,011001011100101001100000000011110101,747.8728999999996,256.48980000000006,6,false,false,
Wurtz-Lykov 3-regular tree fixed-angle table; arXiv:2107.00677,4,128,25,-1,0.8169,0.6;0.434;0.297;0.159;-0.409;-0.781;-0.988;-1.156,β[0];β[1];β[2];β[3];γ[0];γ[1];γ[2];γ[3],77,1,0.0078125,1040.6151999999997,0.0,not_in_gurobi_pool,not_in_gurobi_pool,not_in_gurobi_pool,,,,,,,,0000010110101011001,000001011010101100110001001000000000,true,single,36,1.0e-10,64,not_in_gurobi_pool,11000000010001000,000001011010101100111000000010001000,741.3770999999997,299.23810000000003,5,false,false,
Wurtz-Lykov 3-regular tree fixed-angle table; arXiv:2107.00677,4,128,25,-1,0.8169,0.6;0.434;0.297;0.159;-0.409;-0.781;-0.988;-1.156,β[0];β[1];β[2];β[3];γ[0];γ[1];γ[2];γ[3],78,1,0.0078125,1042.2914999999998,2.2737367544323206e-13,not_in_gurobi_pool,not_in_gurobi_pool,not_in_gurobi_pool,,,,,,,,1111101100100010100,111110110010001010000000101000010001,true,single,36,1.0e-10,64,not_in_gurobi_pool,00000000000010000,111110110010001010000000000000010000,914.0465999999996,128.24490000000026,3,false,false,
Wurtz-Lykov 3-regular tree fixed-angle table; arXiv:2107.00677,4,128,25,-1,0.8169,0.6;0.434;0.297;0.159;-0.409;-0.781;-0.988;-1.156,β[0];β[1];β[2];β[3];γ[0];γ[1];γ[2];γ[3],79,1,0.0078125,1045.6455999999996,0.0,not_in_gurobi_pool,not_in_gurobi_pool,not_in_gurobi_pool,,,,,,,,0101110110101000101,010111011010100010100000011000011011,true,single,36,1.0e-10,64,not_in_gurobi_pool,00000000000101000,010111011010100010100000000000101000,789.1557999999995,256.48980000000006,6,false,false,
Wurtz-Lykov 3-regular tree fixed-angle table; arXiv:2107.00677,4,128,25,-1,0.8169,0.6;0.434;0.297;0.159;-0.409;-0.781;-0.988;-1.156,β[0];β[1];β[2];β[3];γ[0];γ[1];γ[2];γ[3],80,1,0.0078125,1046.9269999999995,2.2737367544323206e-13,not_in_gurobi_pool,not_in_gurobi_pool,not_in_gurobi_pool,,,,,,,,1110110101101010101,111011010110101010100000001000010000,true,single,36,1.0e-10,64,not_in_gurobi_pool,00000000010111000,111011010110101010100000000010111000,790.4371999999996,256.48979999999983,4,false,false,
Wurtz-Lykov 3-regular tree fixed-angle table; arXiv:2107.00677,4,128,25,-1,0.8169,0.6;0.434;0.297;0.159;-0.409;-0.781;-0.988;-1.156,β[0];β[1];β[2];β[3];γ[0];γ[1];γ[2];γ[3],81,1,0.0078125,1048.8549999999998,2.2737367544323206e-13,not_in_gurobi_pool,not_in_gurobi_pool,not_in_gurobi_pool,,,,,,,,1110101110100000110,111010111010000011000010011000100001,true,single,36,1.0e-10,64,not_in_gurobi_pool,00000000000100111,111010111010000011000000000000100111,749.6168999999998,299.23810000000003,5,false,false,
Wurtz-Lykov 3-regular tree fixed-angle table; arXiv:2107.00677,4,128,25,-1,0.8169,0.6;0.434;0.297;0.159;-0.409;-0.781;-0.988;-1.156,β[0];β[1];β[2];β[3];γ[0];γ[1];γ[2];γ[3],82,1,0.0078125,1049.0869999999995,0.0,not_in_gurobi_pool,not_in_gurobi_pool,not_in_gurobi_pool,,,,,,,,0110110101100000101,011011010110000010110000101001110100,true,single,36,1.0e-10,64,not_in_gurobi_pool,00000000010111000,011011010110000010100000000010111000,664.3522999999997,384.73469999999986,7,false,false,
Wurtz-Lykov 3-regular tree fixed-angle table; arXiv:2107.00677,4,128,25,-1,0.8169,0.6;0.434;0.297;0.159;-0.409;-0.781;-0.988;-1.156,β[0];β[1];β[2];β[3];γ[0];γ[1];γ[2];γ[3],83,1,0.0078125,1054.8859999999995,0.0,not_in_gurobi_pool,not_in_gurobi_pool,not_in_gurobi_pool,,,,,,,,0110101101100010101,011010110110001010110001000100001000,true,single,36,1.0e-10,64,not_in_gurobi_pool,00000000000100000,011010110110001010100000000000100000,755.6478999999996,299.2380999999999,5,false,false,
Wurtz-Lykov 3-regular tree fixed-angle table; arXiv:2107.00677,4,128,25,-1,0.8169,0.6;0.434;0.297;0.159;-0.409;-0.781;-0.988;-1.156,β[0];β[1];β[2];β[3];γ[0];γ[1];γ[2];γ[3],84,1,0.0078125,1059.3736999999996,0.0,not_in_gurobi_pool,not_in_gurobi_pool,not_in_gurobi_pool,,,,,,,,1001111101111011101,100111110111101110100010001000000000,true,single,36,1.0e-10,64,not_in_gurobi_pool,00000101000001000,100111110111101110100000101000001000,845.6321999999996,213.7415000000001,3,false,false,
Wurtz-Lykov 3-regular tree fixed-angle table; arXiv:2107.00677,4,128,25,-1,0.8169,0.6;0.434;0.297;0.159;-0.409;-0.781;-0.988;-1.156,β[0];β[1];β[2];β[3];γ[0];γ[1];γ[2];γ[3],85,1,0.0078125,1081.7652999999996,0.0,not_in_gurobi_pool,not_in_gurobi_pool,not_in_gurobi_pool,,,,,,,,1110010110100011011,111001011010001101100100000010011001,true,single,36,1.0e-10,64,not_in_gurobi_pool,00000000010111100,111001011010001101100000000010111100,910.7720999999995,170.99320000000012,4,false,false,
Wurtz-Lykov 3-regular tree fixed-angle table; arXiv:2107.00677,4,128,25,-1,0.8169,0.6;0.434;0.297;0.159;-0.409;-0.781;-0.988;-1.156,β[0];β[1];β[2];β[3];γ[0];γ[1];γ[2];γ[3],86,1,0.0078125,1089.1568999999995,0.0,not_in_gurobi_pool,not_in_gurobi_pool,not_in_gurobi_pool,,,,,,,,0011010110111110000,001101011011111000000000000010011000,true,single,36,1.0e-10,64,not_in_gurobi_pool,10000000000101000,001101011011111000010000000000101000,1003.6602999999996,85.49659999999994,4,false,false,
Wurtz-Lykov 3-regular tree fixed-angle table; arXiv:2107.00677,4,128,25,-1,0.8169,0.6;0.434;0.297;0.159;-0.409;-0.781;-0.988;-1.156,β[0];β[1];β[2];β[3];γ[0];γ[1];γ[2];γ[3],87,1,0.0078125,1090.2128999999995,0.0,not_in_gurobi_pool,not_in_gurobi_pool,not_in_gurobi_pool,,,,,,,,1011110101111011000,101111010111101100011100010100100000,true,single,36,1.0e-10,64,not_in_gurobi_pool,10000000000101000,101111010111101100010000000000101000,705.4781999999996,384.7347,5,false,false,
Wurtz-Lykov 3-regular tree fixed-angle table; arXiv:2107.00677,4,128,25,-1,0.8169,0.6;0.434;0.297;0.159;-0.409;-0.781;-0.988;-1.156,β[0];β[1];β[2];β[3];γ[0];γ[1];γ[2];γ[3],88,1,0.0078125,1092.7688999999996,0.0,not_in_gurobi_pool,not_in_gurobi_pool,not_in_gurobi_pool,,,,,,,,0011100101101010100,001110010110101010000000000000000000,true,single,36,1.0e-10,64,not_in_gurobi_pool,00100000000000000,001110010110101010000100000000000000,1050.0205999999996,42.74829999999997,1,false,false,
Wurtz-Lykov 3-regular tree fixed-angle table; arXiv:2107.00677,4,128,25,-1,0.8169,0.6;0.434;0.297;0.159;-0.409;-0.781;-0.988;-1.156,β[0];β[1];β[2];β[3];γ[0];γ[1];γ[2];γ[3],89,1,0.0078125,1095.4378999999994,0.0,not_in_gurobi_pool,not_in_gurobi_pool,not_in_gurobi_pool,,,,,,,,0101111010111110010,010111101011111001000000000000101001,true,single,36,1.0e-10,64,not_in_gurobi_pool,00000001000101001,010111101011111001000000001000101001,1052.6895999999995,42.74829999999997,1,false,false,
Wurtz-Lykov 3-regular tree fixed-angle table; arXiv:2107.00677,4,128,25,-1,0.8169,0.6;0.434;0.297;0.159;-0.409;-0.781;-0.988;-1.156,β[0];β[1];β[2];β[3];γ[0];γ[1];γ[2];γ[3],90,1,0.0078125,1095.8072999999995,0.0,not_in_gurobi_pool,not_in_gurobi_pool,not_in_gurobi_pool,,,,,,,,0110110110110000111,011011011011000011110000001000010100,true,single,36,1.0e-10,64,not_in_gurobi_pool,00000000001111111,011011011011000011100000000001111111,625.5759999999996,470.2312999999999,7,false,false,
Wurtz-Lykov 3-regular tree fixed-angle table; arXiv:2107.00677,4,128,25,-1,0.8169,0.6;0.434;0.297;0.159;-0.409;-0.781;-0.988;-1.156,β[0];β[1];β[2];β[3];γ[0];γ[1];γ[2];γ[3],91,1,0.0078125,1106.4549999999997,0.0,not_in_gurobi_pool,not_in_gurobi_pool,not_in_gurobi_pool,,,,,,,,0001101101110011111,000110110111001111100010000000100100,true,single,36,1.0e-10,64,not_in_gurobi_pool,00000010100000100,000110110111001111100000010100000100,764.4685999999996,341.9864000000001,4,false,false,
Wurtz-Lykov 3-regular tree fixed-angle table; arXiv:2107.00677,4,128,25,-1,0.8169,0.6;0.434;0.297;0.159;-0.409;-0.781;-0.988;-1.156,β[0];β[1];β[2];β[3];γ[0];γ[1];γ[2];γ[3],92,1,0.0078125,1128.4151999999995,0.0,not_in_gurobi_pool,not_in_gurobi_pool,not_in_gurobi_pool,,,,,,,,0101110101101100000,010111010110110000010011010100010000,true,single,36,1.0e-10,64,not_in_gurobi_pool,10000000000101000,010111010110110000010000000000101000,743.6804999999996,384.73469999999986,7,false,false,
Wurtz-Lykov 3-regular tree fixed-angle table; arXiv:2107.00677,4,128,25,-1,0.8169,0.6;0.434;0.297;0.159;-0.409;-0.781;-0.988;-1.156,β[0];β[1];β[2];β[3];γ[0];γ[1];γ[2];γ[3],93,1,0.0078125,1135.5581999999995,0.0,not_in_gurobi_pool,not_in_gurobi_pool,not_in_gurobi_pool,,,,,,,,0011111101100110010,001111110110011001000000100000000001,true,single,36,1.0e-10,64,not_in_gurobi_pool,00000100000101001,001111110110011001000000100000101001,1050.0615999999995,85.49659999999994,2,false,false,
Wurtz-Lykov 3-regular tree fixed-angle table; arXiv:2107.00677,4,128,25,-1,0.8169,0.6;0.434;0.297;0.159;-0.409;-0.781;-0.988;-1.156,β[0];β[1];β[2];β[3];γ[0];γ[1];γ[2];γ[3],94,1,0.0078125,1136.7802999999994,0.0,not_in_gurobi_pool,not_in_gurobi_pool,not_in_gurobi_pool,,,,,,,,0001011111001000011,000101111100100001100000010000010100,true,single,36,1.0e-10,64,not_in_gurobi_pool,00001111100000111,000101111100100001100001111100000111,752.0455999999997,384.73469999999975,7,false,false,
Wurtz-Lykov 3-regular tree fixed-angle table; arXiv:2107.00677,4,128,25,-1,0.8169,0.6;0.434;0.297;0.159;-0.409;-0.781;-0.988;-1.156,β[0];β[1];β[2];β[3];γ[0];γ[1];γ[2];γ[3],95,1,0.0078125,1137.7296999999996,0.0,not_in_gurobi_pool,not_in_gurobi_pool,not_in_gurobi_pool,,,,,,,,0100101101001110101,010010110100111010110000011001001010,true,single,36,1.0e-10,64,not_in_gurobi_pool,00000101101000000,010010110100111010100000101101000000,795.7432999999996,341.9864,6,false,false,
Wurtz-Lykov 3-regular tree fixed-angle table; arXiv:2107.00677,4,128,25,-1,0.8169,0.6;0.434;0.297;0.159;-0.409;-0.781;-0.988;-1.156,β[0];β[1];β[2];β[3];γ[0];γ[1];γ[2];γ[3],96,1,0.0078125,1143.7082999999998,0.0,not_in_gurobi_pool,not_in_gurobi_pool,not_in_gurobi_pool,,,,,,,,0001101111000001101,000110111100000110101000001001000111,true,single,36,1.0e-10,64,not_in_gurobi_pool,00000111100000000,000110111100000110100000111100000000,630.7286999999999,512.9795999999999,8,false,false,
Wurtz-Lykov 3-regular tree fixed-angle table; arXiv:2107.00677,4,128,25,-1,0.8169,0.6;0.434;0.297;0.159;-0.409;-0.781;-0.988;-1.156,β[0];β[1];β[2];β[3];γ[0];γ[1];γ[2];γ[3],97,1,0.0078125,1147.0922999999998,0.0,not_in_gurobi_pool,not_in_gurobi_pool,not_in_gurobi_pool,,,,,,,,0001111101111000110,000111110111100011010000000000010010,true,single,36,1.0e-10,64,not_in_gurobi_pool,00000101000001111,000111110111100011000000101000001111,762.3575999999996,384.7347000000002,7,false,false,
Wurtz-Lykov 3-regular tree fixed-angle table; arXiv:2107.00677,4,128,25,-1,0.8169,0.6;0.434;0.297;0.159;-0.409;-0.781;-0.988;-1.156,β[0];β[1];β[2];β[3];γ[0];γ[1];γ[2];γ[3],98,1,0.0078125,1176.6858999999995,0.0,not_in_gurobi_pool,not_in_gurobi_pool,not_in_gurobi_pool,,,,,,,,0110001110001001101,011000111000100110100011101000100001,true,single,36,1.0e-10,64,not_in_gurobi_pool,00000101010100000,011000111000100110100000101010100000,834.6994999999997,341.9863999999998,4,false,false,
Wurtz-Lykov 3-regular tree fixed-angle table; arXiv:2107.00677,4,128,25,-1,0.8169,0.6;0.434;0.297;0.159;-0.409;-0.781;-0.988;-1.156,β[0];β[1];β[2];β[3];γ[0];γ[1];γ[2];γ[3],99,1,0.0078125,1213.0101999999997,4.547473508864641e-13,not_in_gurobi_pool,not_in_gurobi_pool,not_in_gurobi_pool,,,,,,,,0110110110101011010,011011011010101101000100010000100101,true,single,36,1.0e-10,64,not_in_gurobi_pool,00000000010111100,011011011010101101000000000010111100,871.0237999999995,341.98640000000023,6,false,false,
Wurtz-Lykov 3-regular tree fixed-angle table; arXiv:2107.00677,4,128,25,-1,0.8169,0.6;0.434;0.297;0.159;-0.409;-0.781;-0.988;-1.156,β[0];β[1];β[2];β[3];γ[0];γ[1];γ[2];γ[3],100,1,0.0078125,1219.9528999999998,0.0,not_in_gurobi_pool,not_in_gurobi_pool,not_in_gurobi_pool,,,,,,,,0001110110101101111,000111011010110111100001010100000000,true,single,36,1.0e-10,64,not_in_gurobi_pool,00000000000001010,000111011010110111100000000000001010,835.2181999999996,384.7347000000002,5,false,false,
Wurtz-Lykov 3-regular tree fixed-angle table; arXiv:2107.00677,4,128,25,-1,0.8169,0.6;0.434;0.297;0.159;-0.409;-0.781;-0.988;-1.156,β[0];β[1];β[2];β[3];γ[0];γ[1];γ[2];γ[3],101,1,0.0078125,1221.6192999999994,2.2737367544323206e-13,not_in_gurobi_pool,not_in_gurobi_pool,not_in_gurobi_pool,,,,,,,,0100110101101110101,010011010110111010110000000001010100,true,single,36,1.0e-10,64,not_in_gurobi_pool,00000000001101000,010011010110111010100000000001101000,1007.8777999999995,213.74149999999986,5,false,false,
Wurtz-Lykov 3-regular tree fixed-angle table; arXiv:2107.00677,4,128,25,-1,0.8169,0.6;0.434;0.297;0.159;-0.409;-0.781;-0.988;-1.156,β[0];β[1];β[2];β[3];γ[0];γ[1];γ[2];γ[3],102,1,0.0078125,1222.3078999999998,0.0,not_in_gurobi_pool,not_in_gurobi_pool,not_in_gurobi_pool,,,,,,,,0001111110100100101,000111111010010010100101010110000011,true,single,36,1.0e-10,64,not_in_gurobi_pool,00000011000001000,000111111010010010100000011000001000,709.3282999999996,512.9796000000002,8,false,false,
Wurtz-Lykov 3-regular tree fixed-angle table; arXiv:2107.00677,4,128,25,-1,0.8169,0.6;0.434;0.297;0.159;-0.409;-0.781;-0.988;-1.156,β[0];β[1];β[2];β[3];γ[0];γ[1];γ[2];γ[3],103,1,0.0078125,1297.2362999999996,0.0,not_in_gurobi_pool,not_in_gurobi_pool,not_in_gurobi_pool,,,,,,,,1111001110001011010,111100111000101101010000101001100001,true,single,36,1.0e-10,64,not_in_gurobi_pool,00000101000100100,111100111000101101000000101000100100,1126.2430999999995,170.99320000000012,4,false,false,
Wurtz-Lykov 3-regular tree fixed-angle table; arXiv:2107.00677,4,128,25,-1,0.8169,0.6;0.434;0.297;0.159;-0.409;-0.781;-0.988;-1.156,β[0];β[1];β[2];β[3];γ[0];γ[1];γ[2];γ[3],104,1,0.0078125,1302.7418999999998,2.2737367544323206e-13,not_in_gurobi_pool,not_in_gurobi_pool,not_in_gurobi_pool,,,,,,,,1010101110000011100,101010111000001110001000010011101001,true,single,36,1.0e-10,64,not_in_gurobi_pool,00000111010000000,101010111000001110000000111010000000,832.5105999999998,470.2312999999999,7,false,false,
Wurtz-Lykov 3-regular tree fixed-angle table; arXiv:2107.00677,4,128,25,-1,0.8169,0.6;0.434;0.297;0.159;-0.409;-0.781;-0.988;-1.156,β[0];β[1];β[2];β[3];γ[0];γ[1];γ[2];γ[3],105,1,0.0078125,1306.3072999999995,0.0,not_in_gurobi_pool,not_in_gurobi_pool,not_in_gurobi_pool,,,,,,,,0111101110110000001,011110111011000000100000010110100000,true,single,36,1.0e-10,64,not_in_gurobi_pool,10001000000100000,011110111011000000110001000000100000,1007.0691999999996,299.2380999999999,5,false,false,
Wurtz-Lykov 3-regular tree fixed-angle table; arXiv:2107.00677,4,128,25,-1,0.8169,0.6;0.434;0.297;0.159;-0.409;-0.781;-0.988;-1.156,β[0];β[1];β[2];β[3];γ[0];γ[1];γ[2];γ[3],106,1,0.0078125,1306.3157999999994,0.0,not_in_gurobi_pool,not_in_gurobi_pool,not_in_gurobi_pool,,,,,,,,0110110101101100101,011011010110110010111000000100101000,true,single,36,1.0e-10,64,not_in_gurobi_pool,00000000001111000,011011010110110010100000000001111000,921.5810999999995,384.73469999999986,5,false,false,
Wurtz-Lykov 3-regular tree fixed-angle table; arXiv:2107.00677,4,128,25,-1,0.8169,0.6;0.434;0.297;0.159;-0.409;-0.781;-0.988;-1.156,β[0];β[1];β[2];β[3];γ[0];γ[1];γ[2];γ[3],107,1,0.0078125,1312.3028999999995,2.2737367544323206e-13,not_in_gurobi_pool,not_in_gurobi_pool,not_in_gurobi_pool,,,,,,,,0100111111101001010,010011111110100101000000100001101001,true,single,36,1.0e-10,64,not_in_gurobi_pool,00000001000101110,010011111110100101000000001000101110,1055.8130999999996,256.48979999999983,6,false,false,
Wurtz-Lykov 3-regular tree fixed-angle table; arXiv:2107.00677,4,128,25,-1,0.8169,0.6;0.434;0.297;0.159;-0.409;-0.781;-0.988;-1.156,β[0];β[1];β[2];β[3];γ[0];γ[1];γ[2];γ[3],108,1,0.0078125,1337.4935999999998,2.2737367544323206e-13,not_in_gurobi_pool,not_in_gurobi_pool,not_in_gurobi_pool,,,,,,,,0111110110001110011,011111011000111001100001010100011011,true,single,36,1.0e-10,64,not_in_gurobi_pool,00000000010110001,011111011000111001100000000010110001,952.7588999999996,384.7347000000002,7,false,false,
Wurtz-Lykov 3-regular tree fixed-angle table; arXiv:2107.00677,4,128,25,-1,0.8169,0.6;0.434;0.297;0.159;-0.409;-0.781;-0.988;-1.156,β[0];β[1];β[2];β[3];γ[0];γ[1];γ[2];γ[3],109,1,0.0078125,1430.2976999999996,2.2737367544323206e-13,not_in_gurobi_pool,not_in_gurobi_pool,not_in_gurobi_pool,,,,,,,,0110010110100000100,011001011010000010000100001100101001,true,single,36,1.0e-10,64,not_in_gurobi_pool,00000000010111000,011001011010000010000000000010111000,917.3180999999996,512.9796,6,false,false,
Wurtz-Lykov 3-regular tree fixed-angle table; arXiv:2107.00677,4,128,25,-1,0.8169,0.6;0.434;0.297;0.159;-0.409;-0.781;-0.988;-1.156,β[0];β[1];β[2];β[3];γ[0];γ[1];γ[2];γ[3],110,1,0.0078125,1435.1546999999996,0.0,not_in_gurobi_pool,not_in_gurobi_pool,not_in_gurobi_pool,,,,,,,,0110110101100000110,011011010110000011000000010100101000,true,single,36,1.0e-10,64,not_in_gurobi_pool,00000000010111111,011011010110000011000000000010111111,964.9233999999996,470.23130000000003,7,false,false,
Wurtz-Lykov 3-regular tree fixed-angle table; arXiv:2107.00677,4,128,25,-1,0.8169,0.6;0.434;0.297;0.159;-0.409;-0.781;-0.988;-1.156,β[0];β[1];β[2];β[3];γ[0];γ[1];γ[2];γ[3],111,1,0.0078125,1477.5266999999997,2.2737367544323206e-13,not_in_gurobi_pool,not_in_gurobi_pool,not_in_gurobi_pool,,,,,,,,0001101100011111101,000110110001111110100110100100000000,true,single,36,1.0e-10,64,not_in_gurobi_pool,00010111100000000,000110110001111110100010111100000000,1349.2817999999997,128.24489999999992,3,false,false,
Wurtz-Lykov 3-regular tree fixed-angle table; arXiv:2107.00677,4,128,25,-1,0.8169,0.6;0.434;0.297;0.159;-0.409;-0.781;-0.988;-1.156,β[0];β[1];β[2];β[3];γ[0];γ[1];γ[2];γ[3],112,1,0.0078125,1485.7634999999996,0.0,not_in_gurobi_pool,not_in_gurobi_pool,not_in_gurobi_pool,,,,,,,,0111101111000001101,011110111100000110100000101000000011,true,single,36,1.0e-10,64,not_in_gurobi_pool,00000101000100000,011110111100000110100000101000100000,1272.0219999999995,213.7415000000001,3,false,false,
Wurtz-Lykov 3-regular tree fixed-angle table; arXiv:2107.00677,4,128,25,-1,0.8169,0.6;0.434;0.297;0.159;-0.409;-0.781;-0.988;-1.156,β[0];β[1];β[2];β[3];γ[0];γ[1];γ[2];γ[3],113,1,0.0078125,1508.9088999999994,0.0,not_in_gurobi_pool,not_in_gurobi_pool,not_in_gurobi_pool,,,,,,,,1101110101001111001,110111010100111100110001010101010010,true,single,36,1.0e-10,64,not_in_gurobi_pool,10000001010100000,110111010100111100110000001010100000,1124.1741999999995,384.7347,9,false,false,
Wurtz-Lykov 3-regular tree fixed-angle table; arXiv:2107.00677,4,128,25,-1,0.8169,0.6;0.434;0.297;0.159;-0.409;-0.781;-0.988;-1.156,β[0];β[1];β[2];β[3];γ[0];γ[1];γ[2];γ[3],114,1,0.0078125,1527.7028999999998,4.547473508864641e-13,not_in_gurobi_pool,not_in_gurobi_pool,not_in_gurobi_pool,,,,,,,,0101101101100101111,010110110110010111100000110010100110,true,single,36,1.0e-10,64,not_in_gurobi_pool,00000001000000010,010110110110010111100000001000000010,1100.2198999999996,427.4830000000002,6,false,false,
Wurtz-Lykov 3-regular tree fixed-angle table; arXiv:2107.00677,4,128,25,-1,0.8169,0.6;0.434;0.297;0.159;-0.409;-0.781;-0.988;-1.156,β[0];β[1];β[2];β[3];γ[0];γ[1];γ[2];γ[3],115,1,0.0078125,1531.8337999999994,0.0,not_in_gurobi_pool,not_in_gurobi_pool,not_in_gurobi_pool,,,,,,,,0111001101110001101,011100110111000110100000100100100110,true,single,36,1.0e-10,64,not_in_gurobi_pool,00000000000100000,011100110111000110100000000000100000,1360.8406,170.99319999999943,4,false,false,
Wurtz-Lykov 3-regular tree fixed-angle table; arXiv:2107.00677,4,128,25,-1,0.8169,0.6;0.434;0.297;0.159;-0.409;-0.781;-0.988;-1.156,β[0];β[1];β[2];β[3];γ[0];γ[1];γ[2];γ[3],116,1,0.0078125,1553.9910999999993,0.0,not_in_gurobi_pool,not_in_gurobi_pool,not_in_gurobi_pool,,,,,,,,1111101100001110110,111110110000111011000100101000101101,true,single,36,1.0e-10,64,not_in_gurobi_pool,00010101000100001,111110110000111011000010101000100001,1297.5012999999994,256.48979999999983,4,false,false,
Wurtz-Lykov 3-regular tree fixed-angle table; arXiv:2107.00677,4,128,25,-1,0.8169,0.6;0.434;0.297;0.159;-0.409;-0.781;-0.988;-1.156,β[0];β[1];β[2];β[3];γ[0];γ[1];γ[2];γ[3],117,1,0.0078125,1567.6556999999993,4.547473508864641e-13,not_in_gurobi_pool,not_in_gurobi_pool,not_in_gurobi_pool,,,,,,,,0010111110101111111,001011111010111111100000010100000000,true,single,36,1.0e-10,64,not_in_gurobi_pool,00000100000101000,001011111010111111100000100000101000,1439.4107999999997,128.2448999999997,5,false,false,
Wurtz-Lykov 3-regular tree fixed-angle table; arXiv:2107.00677,4,128,25,-1,0.8169,0.6;0.434;0.297;0.159;-0.409;-0.781;-0.988;-1.156,β[0];β[1];β[2];β[3];γ[0];γ[1];γ[2];γ[3],118,1,0.0078125,1606.4643999999994,0.0,not_in_gurobi_pool,not_in_gurobi_pool,not_in_gurobi_pool,,,,,,,,0111101110000011111,011110111000001111101000111000010100,true,single,36,1.0e-10,64,not_in_gurobi_pool,00000101000100100,011110111000001111100000101000100100,1349.9745999999996,256.48979999999983,4,false,false,
Wurtz-Lykov 3-regular tree fixed-angle table; arXiv:2107.00677,4,128,25,-1,0.8169,0.6;0.434;0.297;0.159;-0.409;-0.781;-0.988;-1.156,β[0];β[1];β[2];β[3];γ[0];γ[1];γ[2];γ[3],119,1,0.0078125,1616.8605999999995,0.0,not_in_gurobi_pool,not_in_gurobi_pool,not_in_gurobi_pool,,,,,,,,0001101111100010101,000110111110001010100000000001011010,true,single,36,1.0e-10,64,not_in_gurobi_pool,00000101000000000,000110111110001010100000101000000000,1103.8809999999999,512.9795999999997,6,false,false,
Wurtz-Lykov 3-regular tree fixed-angle table; arXiv:2107.00677,4,128,25,-1,0.8169,0.6;0.434;0.297;0.159;-0.409;-0.781;-0.988;-1.156,β[0];β[1];β[2];β[3];γ[0];γ[1];γ[2];γ[3],120,1,0.0078125,1686.0124999999994,0.0,not_in_gurobi_pool,not_in_gurobi_pool,not_in_gurobi_pool,,,,,,,,1110110111001111000,111011011100111100010001010001010000,true,single,36,1.0e-10,64,not_in_gurobi_pool,10000000011110000,111011011100111100010000000011110000,1344.0260999999996,341.9863999999998,4,false,false,
Wurtz-Lykov 3-regular tree fixed-angle table; arXiv:2107.00677,4,128,25,-1,0.8169,0.6;0.434;0.297;0.159;-0.409;-0.781;-0.988;-1.156,β[0];β[1];β[2];β[3];γ[0];γ[1];γ[2];γ[3],121,1,0.0078125,1692.5090999999993,0.0,not_in_gurobi_pool,not_in_gurobi_pool,not_in_gurobi_pool,,,,,,,,0101110111100110011,010111011110011001101000011001010001,true,single,36,1.0e-10,64,not_in_gurobi_pool,00000000000101001,010111011110011001100000000000101001,1307.7743999999993,384.7347,7,false,false,
Wurtz-Lykov 3-regular tree fixed-angle table; arXiv:2107.00677,4,128,25,-1,0.8169,0.6;0.434;0.297;0.159;-0.409;-0.781;-0.988;-1.156,β[0];β[1];β[2];β[3];γ[0];γ[1];γ[2];γ[3],122,1,0.0078125,1828.1859999999992,0.0,not_in_gurobi_pool,not_in_gurobi_pool,not_in_gurobi_pool,,,,,,,,0011110111101101111,001111011110110111100000100101100010,true,single,36,1.0e-10,64,not_in_gurobi_pool,00000000000101010,001111011110110111100000000000101010,1571.6961999999994,256.48979999999983,4,false,false,
Wurtz-Lykov 3-regular tree fixed-angle table; arXiv:2107.00677,4,128,25,-1,0.8169,0.6;0.434;0.297;0.159;-0.409;-0.781;-0.988;-1.156,β[0];β[1];β[2];β[3];γ[0];γ[1];γ[2];γ[3],123,1,0.0078125,1861.4611999999997,0.0,not_in_gurobi_pool,not_in_gurobi_pool,not_in_gurobi_pool,,,,,,,,0111110111001111011,011111011100111101110000010010000001,true,single,36,1.0e-10,64,not_in_gurobi_pool,00000000010110000,011111011100111101100000000010110000,1562.2230999999992,299.2381000000005,5,false,false,
Wurtz-Lykov 3-regular tree fixed-angle table; arXiv:2107.00677,4,128,25,-1,0.8169,0.6;0.434;0.297;0.159;-0.409;-0.781;-0.988;-1.156,β[0];β[1];β[2];β[3];γ[0];γ[1];γ[2];γ[3],124,1,0.0078125,1905.7024999999994,0.0,not_in_gurobi_pool,not_in_gurobi_pool,not_in_gurobi_pool,,,,,,,,0111101110001011110,011110111000101111010100000100101110,true,single,36,1.0e-10,64,not_in_gurobi_pool,00000101000100100,011110111000101111000000101000100100,1520.9677999999994,384.7347,7,false,false,
Wurtz-Lykov 3-regular tree fixed-angle table; arXiv:2107.00677,4,128,25,-1,0.8169,0.6;0.434;0.297;0.159;-0.409;-0.781;-0.988;-1.156,β[0];β[1];β[2];β[3];γ[0];γ[1];γ[2];γ[3],125,1,0.0078125,1949.2214999999992,0.0,not_in_gurobi_pool,not_in_gurobi_pool,not_in_gurobi_pool,,,,,,,,1000110110111111100,100011011011111110001010100000101101,true,single,36,1.0e-10,64,not_in_gurobi_pool,01000000010001000,100011011011111110001000000010001000,1436.2418999999995,512.9795999999997,6,false,false,
Wurtz-Lykov 3-regular tree fixed-angle table; arXiv:2107.00677,4,128,25,-1,0.8169,0.6;0.434;0.297;0.159;-0.409;-0.781;-0.988;-1.156,β[0];β[1];β[2];β[3];γ[0];γ[1];γ[2];γ[3],126,1,0.0078125,2067.9802999999993,0.0,not_in_gurobi_pool,not_in_gurobi_pool,not_in_gurobi_pool,,,,,,,,1100110110001111100,110011011000111110000101101010010110,true,single,36,1.0e-10,64,not_in_gurobi_pool,00000001011100000,110011011000111110000000001011100000,1384.0074999999997,683.9727999999996,8,false,false,
Wurtz-Lykov 3-regular tree fixed-angle table; arXiv:2107.00677,4,128,25,-1,0.8169,0.6;0.434;0.297;0.159;-0.409;-0.781;-0.988;-1.156,β[0];β[1];β[2];β[3];γ[0];γ[1];γ[2];γ[3],127,1,0.0078125,2077.0691999999995,0.0,not_in_gurobi_pool,not_in_gurobi_pool,not_in_gurobi_pool,,,,,,,,0110100101111111001,011010010111111100101001001010011000,true,single,36,1.0e-10,64,not_in_gurobi_pool,10100000010100000,011010010111111100110100000010100000,1478.5929999999994,598.4762000000001,8,false,false,
Wurtz-Lykov 3-regular tree fixed-angle table; arXiv:2107.00677,4,128,25,-1,0.8169,0.6;0.434;0.297;0.159;-0.409;-0.781;-0.988;-1.156,β[0];β[1];β[2];β[3];γ[0];γ[1];γ[2];γ[3],128,1,0.0078125,2110.1304999999993,0.0,not_in_gurobi_pool,not_in_gurobi_pool,not_in_gurobi_pool,,,,,,,,0110100110101111001,011010011010111100110001000011000010,true,single,36,1.0e-10,64,not_in_gurobi_pool,10100000010100000,011010011010111100110100000010100000,1639.8991999999994,470.2312999999999,5,false,false,
