algorithm,trial,seed,result,reads,probability,qubo_energy,energy_check_abs_error,match,projection_match,encoded_match,aux_consistent,best_aux_bits,best_full_bits_for_projection,best_aux_qubo_energy,qubo_energy_gap_to_best_aux,aux_hamming_to_best,matched_ip_obj,flow_bits,full_bits,number_of_reads,maximum_iterations,number_of_layers,initial_parameters,use_fast_aer_backend,fast_aer_precision,fast_aer_threads,fast_mps_truncation_threshold,fast_mps_max_bond_dimension
QAOA,1,32001,1,1,0.0078125,392.19759999999974,0.0,not_in_gurobi_pool,not_in_gurobi_pool,not_in_gurobi_pool,,,,,,,,1100110000011001000,110011000001100100000000101011101000,128,20,1,4.39947126081;0.573956956638,true,single,36,1.0e-10,64
QAOA,1,32001,2,1,0.0078125,403.4116,2.2737367544323206e-13,not_in_gurobi_pool,not_in_gurobi_pool,not_in_gurobi_pool,,,,,,,,1100101110011000011,110010111001100001101010011100010110,128,20,1,4.39947126081;0.573956956638,true,single,36,1.0e-10,64
QAOA,1,32001,3,1,0.0078125,449.02349999999973,1.1368683772161603e-13,not_in_gurobi_pool,not_in_gurobi_pool,not_in_gurobi_pool,,,,,,,,1001110110010100111,100111011001010011100111010101010011,128,20,1,4.39947126081;0.573956956638,true,single,36,1.0e-10,64
QAOA,1,32001,4,1,0.0078125,449.62189999999987,0.0,not_in_gurobi_pool,not_in_gurobi_pool,not_in_gurobi_pool,,,,,,,,1100101001011001001,110010100101100100100000100110100100,128,20,1,4.39947126081;0.573956956638,true,single,36,1.0e-10,64
QAOA,1,32001,5,1,0.0078125,486.85879999999975,0.0,not_in_gurobi_pool,not_in_gurobi_pool,not_in_gurobi_pool,,,,,,,,1001010100111000101,100101010011100010101110001000001111,128,20,1,4.39947126081;0.573956956638,true,single,36,1.0e-10,64
QAOA,1,32001,6,1,0.0078125,495.0307999999998,1.1368683772161603e-13,not_in_gurobi_pool,not_in_gurobi_pool,not_in_gurobi_pool,,,,,,,,1001110111010001011,100111011101000101110000010111110110,128,20,1,4.39947126081;0.573956956638,true,single,36,1.0e-10,64
QAOA,1,32001,7,1,0.0078125,525.0640999999998,0.0,not_in_gurobi_pool,not_in_gurobi_pool,not_in_gurobi_pool,,,,,,,,1001001100011010001,100100110001101000110110111100000101,128,20,1,4.39947126081;0.573956956638,true,single,36,1.0e-10,64
QAOA,1,32001,8,1,0.0078125,533.6490999999997,0.0,not_in_gurobi_pool,not_in_gurobi_pool,not_in_gurobi_pool,,,,,,,,0001010101000010101,000101010100001010100000000100001000,128,20,1,4.39947126081;0.573956956638,true,single,36,1.0e-10,64
QAOA,1,32001,9,1,0.0078125,562.4517999999997,0.0,not_in_gurobi_pool,not_in_gurobi_pool,not_in_gurobi_pool,,,,,,,,1100110100100101011,110011010010010101100010000101001100,128,20,1,4.39947126081;0.573956956638,true,single,36,1.0e-10,64
QAOA,1,32001,10,1,0.0078125,581.4058,0.0,not_in_gurobi_pool,not_in_gurobi_pool,not_in_gurobi_pool,,,,,,,,1010001110010000111,101000111001000011101011010100100110,128,20,1,4.39947126081;0.573956956638,true,single,36,1.0e-10,64
QAOA,1,32001,11,1,0.0078125,583.6397999999997,1.1368683772161603e-13,not_in_gurobi_pool,not_in_gurobi_pool,not_in_gurobi_pool,,,,,,,,1010001111011010000,101000111101101000000001010100000000,128,20,1,4.39947126081;0.573956956638,true,single,36,1.0e-10,64
QAOA,1,32001,12,1,0.0078125,608.0870999999997,0.0,not_in_gurobi_pool,not_in_gurobi_pool,not_in_gurobi_pool,,,,,,,,1100101000100001001,110010100010000100110110100000011010,128,20,1,4.39947126081;0.573956956638,true,single,36,1.0e-10,64
QAOA,1,32001,13,1,0.0078125,610.9600999999999,0.0,not_in_gurobi_pool,not_in_gurobi_pool,not_in_gurobi_pool,,,,,,,,1100111100010000011,110011110001000001111010011001110100,128,20,1,4.39947126081;0.573956956638,true,single,36,1.0e-10,64
QAOA,1,32001,14,1,0.0078125,613.4650999999997,1.1368683772161603e-13,not_in_gurobi_pool,not_in_gurobi_pool,not_in_gurobi_pool,,,,,,,,0010111100000000100,001011110000000010010010011010001101,128,20,1,4.39947126081;0.573956956638,true,single,36,1.0e-10,64
QAOA,1,32001,15,1,0.0078125,618.7430999999999,0.0,not_in_gurobi_pool,not_in_gurobi_pool,not_in_gurobi_pool,,,,,,,,1010101010011110011,101010101001111001110011110001100000,128,20,1,4.39947126081;0.573956956638,true,single,36,1.0e-10,64
QAOA,1,32001,16,1,0.0078125,620.7871999999998,1.1368683772161603e-13,not_in_gurobi_pool,not_in_gurobi_pool,not_in_gurobi_pool,,,,,,,,0000000001001001111,000000000100100111101010001011000110,128,20,1,4.39947126081;0.573956956638,true,single,36,1.0e-10,64
QAOA,1,32001,17,1,0.0078125,623.1551999999999,0.0,not_in_gurobi_pool,not_in_gurobi_pool,not_in_gurobi_pool,,,,,,,,0000001101011010001,000000110101101000100000111011000110,128,20,1,4.39947126081;0.573956956638,true,single,36,1.0e-10,64
QAOA,1,32001,18,1,0.0078125,652.9599999999997,0.0,not_in_gurobi_pool,not_in_gurobi_pool,not_in_gurobi_pool,,,,,,,,1001000000100001101,100100000010000110110100010110001010,128,20,1,4.39947126081;0.573956956638,true,single,36,1.0e-10,64
QAOA,1,32001,19,1,0.0078125,656.7029999999997,0.0,not_in_gurobi_pool,not_in_gurobi_pool,not_in_gurobi_pool,,,,,,,,1001110110001010111,100111011000101011101100011000001010,128,20,1,4.39947126081;0.573956956638,true,single,36,1.0e-10,64
QAOA,1,32001,20,1,0.0078125,662.9733999999997,1.1368683772161603e-13,not_in_gurobi_pool,not_in_gurobi_pool,not_in_gurobi_pool,,,,,,,,1010101111000010000,101010111100001000010000110001100101,128,20,1,4.39947126081;0.573956956638,true,single,36,1.0e-10,64
QAOA,1,32001,21,1,0.0078125,666.8209999999999,0.0,not_in_gurobi_pool,not_in_gurobi_pool,not_in_gurobi_pool,,,,,,,,1001110101011001111,100111010101100111101111001101001000,128,20,1,4.39947126081;0.573956956638,true,single,36,1.0e-10,64
QAOA,1,32001,22,1,0.0078125,693.2582999999997,0.0,not_in_gurobi_pool,not_in_gurobi_pool,not_in_gurobi_pool,,,,,,,,1001010000001010111,100101000000101011100011001001010001,128,20,1,4.39947126081;0.573956956638,true,single,36,1.0e-10,64
QAOA,1,32001,23,1,0.0078125,702.0772999999997,0.0,not_in_gurobi_pool,not_in_gurobi_pool,not_in_gurobi_pool,,,,,,,,1001110111000100010,100111011100010001000000010011101100,128,20,1,4.39947126081;0.573956956638,true,single,36,1.0e-10,64
QAOA,1,32001,24,1,0.0078125,708.0116999999998,1.1368683772161603e-13,not_in_gurobi_pool,not_in_gurobi_pool,not_in_gurobi_pool,,,,,,,,1100111110111101011,110011111011110101110100001100111000,128,20,1,4.39947126081;0.573956956638,true,single,36,1.0e-10,64
QAOA,1,32001,25,1,0.0078125,708.9436999999997,0.0,not_in_gurobi_pool,not_in_gurobi_pool,not_in_gurobi_pool,,,,,,,,1100100101010100110,110010010101010011000100010010000110,128,20,1,4.39947126081;0.573956956638,true,single,36,1.0e-10,64
QAOA,1,32001,26,1,0.0078125,709.1781999999996,1.1368683772161603e-13,not_in_gurobi_pool,not_in_gurobi_pool,not_in_gurobi_pool,,,,,,,,1011110101010010111,101111010101001011100001000101101010,128,20,1,4.39947126081;0.573956956638,true,single,36,1.0e-10,64
QAOA,1,32001,27,1,0.0078125,737.5769999999997,0.0,not_in_gurobi_pool,not_in_gurobi_pool,not_in_gurobi_pool,,,,,,,,1010110110100001001,101011011010000100100001010011010100,128,20,1,4.39947126081;0.573956956638,true,single,36,1.0e-10,64
QAOA,1,32001,28,1,0.0078125,751.6590999999997,0.0,not_in_gurobi_pool,not_in_gurobi_pool,not_in_gurobi_pool,,,,,,,,0000111110110001001,000011111011000100101001101110000000,128,20,1,4.39947126081;0.573956956638,true,single,36,1.0e-10,64
QAOA,1,32001,29,1,0.0078125,782.5932999999995,0.0,not_in_gurobi_pool,not_in_gurobi_pool,not_in_gurobi_pool,,,,,,,,1100010110010100001,110001011001010000100010100010110111,128,20,1,4.39947126081;0.573956956638,true,single,36,1.0e-10,64
QAOA,1,32001,30,1,0.0078125,786.0952999999997,0.0,not_in_gurobi_pool,not_in_gurobi_pool,not_in_gurobi_pool,,,,,,,,1100000100010011111,110000010001001111100110010110000100,128,20,1,4.39947126081;0.573956956638,true,single,36,1.0e-10,64
QAOA,1,32001,31,1,0.0078125,794.1752999999997,0.0,not_in_gurobi_pool,not_in_gurobi_pool,not_in_gurobi_pool,,,,,,,,1100010111010001010,110001011101000101011100100001110101,128,20,1,4.39947126081;0.573956956638,true,single,36,1.0e-10,64
QAOA,1,32001,32,1,0.0078125,794.5522999999998,1.1368683772161603e-13,not_in_gurobi_pool,not_in_gurobi_pool,not_in_gurobi_pool,,,,,,,,1010110001010010111,101011000101001011110111011001110100,128,20,1,4.39947126081;0.573956956638,true,single,36,1.0e-10,64
QAOA,1,32001,33,1,0.0078125,798.9688999999997,0.0,not_in_gurobi_pool,not_in_gurobi_pool,not_in_gurobi_pool,,,,,,,,0001111110010100111,000111111001010011110010011010101111,128,20,1,4.39947126081;0.573956956638,true,single,36,1.0e-10,64
QAOA,1,32001,34,1,0.0078125,799.9711999999998,0.0,not_in_gurobi_pool,not_in_gurobi_pool,not_in_gurobi_pool,,,,,,,,1110101101011001110,111010110101100111000001100000010010,128,20,1,4.39947126081;0.573956956638,true,single,36,1.0e-10,64
QAOA,1,32001,35,1,0.0078125,824.2484999999998,0.0,not_in_gurobi_pool,not_in_gurobi_pool,not_in_gurobi_pool,,,,,,,,1110101100010010001,111010110001001000111111100100000100,128,20,1,4.39947126081;0.573956956638,true,single,36,1.0e-10,64
QAOA,1,32001,36,1,0.0078125,828.2035999999997,0.0,not_in_gurobi_pool,not_in_gurobi_pool,not_in_gurobi_pool,,,,,,,,0010100100101001111,001010010010100111100011010000000110,128,20,1,4.39947126081;0.573956956638,true,single,36,1.0e-10,64
QAOA,1,32001,37,1,0.0078125,829.7205999999996,0.0,not_in_gurobi_pool,not_in_gurobi_pool,not_in_gurobi_pool,,,,,,,,1100111100101010111,110011110010101011110010000101100110,128,20,1,4.39947126081;0.573956956638,true,single,36,1.0e-10,64
QAOA,1,32001,38,1,0.0078125,834.3675999999998,0.0,not_in_gurobi_pool,not_in_gurobi_pool,not_in_gurobi_pool,,,,,,,,1010001001010001000,101000100101000100010000100110110101,128,20,1,4.39947126081;0.573956956638,true,single,36,1.0e-10,64
QAOA,1,32001,39,1,0.0078125,834.3975999999998,0.0,not_in_gurobi_pool,not_in_gurobi_pool,not_in_gurobi_pool,,,,,,,,1010101111000001000,101010111100000100010100010100101100,128,20,1,4.39947126081;0.573956956638,true,single,36,1.0e-10,64
QAOA,1,32001,40,1,0.0078125,834.5410999999995,0.0,not_in_gurobi_pool,not_in_gurobi_pool,not_in_gurobi_pool,,,,,,,,1101101001011000010,110110100101100001000100110100101011,128,20,1,4.39947126081;0.573956956638,true,single,36,1.0e-10,64
QAOA,1,32001,41,1,0.0078125,839.4745999999999,0.0,not_in_gurobi_pool,not_in_gurobi_pool,not_in_gurobi_pool,,,,,,,,1010001110010110111,101000111001011011100010100100010101,128,20,1,4.39947126081;0.573956956638,true,single,36,1.0e-10,64
QAOA,1,32001,42,1,0.0078125,867.4809999999997,1.1368683772161603e-13,not_in_gurobi_pool,not_in_gurobi_pool,not_in_gurobi_pool,,,,,,,,1000110100101010111,100011010010101011111110100111010101,128,20,1,4.39947126081;0.573956956638,true,single,36,1.0e-10,64
QAOA,1,32001,43,1,0.0078125,867.8774999999997,0.0,not_in_gurobi_pool,not_in_gurobi_pool,not_in_gurobi_pool,,,,,,,,1001001100000010101,100100110000001010101100100001000100,128,20,1,4.39947126081;0.573956956638,true,single,36,1.0e-10,64
QAOA,1,32001,44,1,0.0078125,871.1859999999999,0.0,not_in_gurobi_pool,not_in_gurobi_pool,not_in_gurobi_pool,,,,,,,,0000101100001001100,000010110000100110011000111111001100,128,20,1,4.39947126081;0.573956956638,true,single,36,1.0e-10,64
QAOA,1,32001,45,1,0.0078125,876.6028999999997,0.0,not_in_gurobi_pool,not_in_gurobi_pool,not_in_gurobi_pool,,,,,,,,1100111111001100001,110011111100110000110100111010100011,128,20,1,4.39947126081;0.573956956638,true,single,36,1.0e-10,64
QAOA,1,32001,46,1,0.0078125,877.0384999999998,0.0,not_in_gurobi_pool,not_in_gurobi_pool,not_in_gurobi_pool,,,,,,,,1001000010011001110,100100001001100111001101010101100100,128,20,1,4.39947126081;0.573956956638,true,single,36,1.0e-10,64
QAOA,1,32001,47,1,0.0078125,881.3787999999997,0.0,not_in_gurobi_pool,not_in_gurobi_pool,not_in_gurobi_pool,,,,,,,,0110110111011001000,011011011101100100001100000110010000,128,20,1,4.39947126081;0.573956956638,true,single,36,1.0e-10,64
QAOA,1,32001,48,1,0.0078125,886.9148999999996,0.0,not_in_gurobi_pool,not_in_gurobi_pool,not_in_gurobi_pool,,,,,,,,1100001101111100101,110000110111110010100011000001101010,128,20,1,4.39947126081;0.573956956638,true,single,36,1.0e-10,64
QAOA,1,32001,49,1,0.0078125,905.4562999999997,1.1368683772161603e-13,not_in_gurobi_pool,not_in_gurobi_pool,not_in_gurobi_pool,,,,,,,,1000010100011110000,100001010001111000000111000111000001,128,20,1,4.39947126081;0.573956956638,true,single,36,1.0e-10,64
QAOA,1,32001,50,1,0.0078125,909.4721999999996,0.0,not_in_gurobi_pool,not_in_gurobi_pool,not_in_gurobi_pool,,,,,,,,1010110010100010010,101011001010001001001000011001001001,128,20,1,4.39947126081;0.573956956638,true,single,36,1.0e-10,64
QAOA,1,32001,51,1,0.0078125,913.5411999999997,1.1368683772161603e-13,not_in_gurobi_pool,not_in_gurobi_pool,not_in_gurobi_pool,,,,,,,,1010100010000001110,101010001000000111001110001011100001,128,20,1,4.39947126081;0.573956956638,true,single,36,1.0e-10,64
QAOA,1,32001,52,1,0.0078125,914.3717999999997,0.0,not_in_gurobi_pool,not_in_gurobi_pool,not_in_gurobi_pool,,,,,,,,1001110110101000100,100111011010100010000101100101100100,128,20,1,4.39947126081;0.573956956638,true,single,36,1.0e-10,64
QAOA,1,32001,53,1,0.0078125,917.6031999999998,0.0,not_in_gurobi_pool,not_in_gurobi_pool,not_in_gurobi_pool,,,,,,,,0010111001001010010,001011100100101001001111100110101001,128,20,1,4.39947126081;0.573956956638,true,single,36,1.0e-10,64
QAOA,1,32001,54,1,0.0078125,921.1807999999996,0.0,not_in_gurobi_pool,not_in_gurobi_pool,not_in_gurobi_pool,,,,,,,,1001000011010001001,100100001101000100110010001001000110,128,20,1,4.39947126081;0.573956956638,true,single,36,1.0e-10,64
QAOA,1,32001,55,1,0.0078125,925.4222999999995,1.1368683772161603e-13,not_in_gurobi_pool,not_in_gurobi_pool,not_in_gurobi_pool,,,,,,,,0000000110111101101,000000011011110110100100100101001000,128,20,1,4.39947126081;0.573956956638,true,single,36,1.0e-10,64
QAOA,1,32001,56,1,0.0078125,964.2520999999997,0.0,not_in_gurobi_pool,not_in_gurobi_pool,not_in_gurobi_pool,,,,,,,,1001101110101010111,100110111010101011100110100000001100,128,20,1,4.39947126081;0.573956956638,true,single,36,1.0e-10,64
QAOA,1,32001,57,1,0.0078125,977.8564999999999,0.0,not_in_gurobi_pool,not_in_gurobi_pool,not_in_gurobi_pool,,,,,,,,1100101111010101111,110010111101010111110000101111001010,128,20,1,4.39947126081;0.573956956638,true,single,36,1.0e-10,64
QAOA,1,32001,58,1,0.0078125,1003.7427999999996,0.0,not_in_gurobi_pool,not_in_gurobi_pool,not_in_gurobi_pool,,,,,,,,1100100101110001001,110010010111000100101001100001010101,128,20,1,4.39947126081;0.573956956638,true,single,36,1.0e-10,64
QAOA,1,32001,59,1,0.0078125,1005.9277999999999,2.2737367544323206e-13,not_in_gurobi_pool,not_in_gurobi_pool,not_in_gurobi_pool,,,,,,,,1010101110111101000,101010111011110100011010100110011001,128,20,1,4.39947126081;0.573956956638,true,single,36,1.0e-10,64
QAOA,1,32001,60,1,0.0078125,1010.1002999999996,0.0,not_in_gurobi_pool,not_in_gurobi_pool,not_in_gurobi_pool,,,,,,,,0101101101000100111,010110110100010011110110100100011011,128,20,1,4.39947126081;0.573956956638,true,single,36,1.0e-10,64
QAOA,1,32001,61,1,0.0078125,1012.1153999999997,0.0,not_in_gurobi_pool,not_in_gurobi_pool,not_in_gurobi_pool,,,,,,,,0001010101010110111,000101010101011011111000100001110001,128,20,1,4.39947126081;0.573956956638,true,single,36,1.0e-10,64
QAOA,1,32001,62,1,0.0078125,1014.5573999999997,0.0,not_in_gurobi_pool,not_in_gurobi_pool,not_in_gurobi_pool,,,,,,,,1001101111111010000,100110111111101000010100001101000000,128,20,1,4.39947126081;0.573956956638,true,single,36,1.0e-10,64
QAOA,1,32001,63,1,0.0078125,1017.9883999999997,0.0,not_in_gurobi_pool,not_in_gurobi_pool,not_in_gurobi_pool,,,,,,,,0001101111111001000,000110111111100100011001010100100000,128,20,1,4.39947126081;0.573956956638,true,single,36,1.0e-10,64
QAOA,1,32001,64,1,0.0078125,1035.7285999999997,0.0,not_in_gurobi_pool,not_in_gurobi_pool,not_in_gurobi_pool,,,,,,,,1011100000010011011,101110000001001101101100101010101111,128,20,1,4.39947126081;0.573956956638,true,single,36,1.0e-10,64
QAOA,1,32001,65,1,0.0078125,1041.3550999999998,0.0,not_in_gurobi_pool,not_in_gurobi_pool,not_in_gurobi_pool,,,,,,,,1010000110001010111,101000011000101011111111000011001100,128,20,1,4.39947126081;0.573956956638,true,single,36,1.0e-10,64
QAOA,1,32001,66,1,0.0078125,1043.2620999999995,0.0,not_in_gurobi_pool,not_in_gurobi_pool,not_in_gurobi_pool,,,,,,,,1100100010101100101,110010001010110010100110000100000001,128,20,1,4.39947126081;0.573956956638,true,single,36,1.0e-10,64
QAOA,1,32001,67,1,0.0078125,1050.1301999999996,0.0,not_in_gurobi_pool,not_in_gurobi_pool,not_in_gurobi_pool,,,,,,,,1000110111001001100,100011011100100110001101011001011000,128,20,1,4.39947126081;0.573956956638,true,single,36,1.0e-10,64
QAOA,1,32001,68,1,0.0078125,1055.2909999999997,0.0,not_in_gurobi_pool,not_in_gurobi_pool,not_in_gurobi_pool,,,,,,,,0110111101110100011,011011110111010001100011101010011110,128,20,1,4.39947126081;0.573956956638,true,single,36,1.0e-10,64
QAOA,1,32001,69,1,0.0078125,1078.6094999999996,0.0,not_in_gurobi_pool,not_in_gurobi_pool,not_in_gurobi_pool,,,,,,,,1000010100000110111,100001010000011011100000100110110110,128,20,1,4.39947126081;0.573956956638,true,single,36,1.0e-10,64
QAOA,1,32001,70,1,0.0078125,1091.1639999999998,0.0,not_in_gurobi_pool,not_in_gurobi_pool,not_in_gurobi_pool,,,,,,,,1001101110101010101,100110111010101010111010111100001101,128,20,1,4.39947126081;0.573956956638,true,single,36,1.0e-10,64
QAOA,1,32001,71,1,0.0078125,1138.5537999999997,0.0,not_in_gurobi_pool,not_in_gurobi_pool,not_in_gurobi_pool,,,,,,,,0000111110100001110,000011111010000111010000000100001000,128,20,1,4.39947126081;0.573956956638,true,single,36,1.0e-10,64
QAOA,1,32001,72,1,0.0078125,1144.7806999999998,0.0,not_in_gurobi_pool,not_in_gurobi_pool,not_in_gurobi_pool,,,,,,,,1100101111111110010,110010111111111001000010001110010011,128,20,1,4.39947126081;0.573956956638,true,single,36,1.0e-10,64
QAOA,1,32001,73,1,0.0078125,1173.2870999999996,0.0,not_in_gurobi_pool,not_in_gurobi_pool,not_in_gurobi_pool,,,,,,,,0000111110101110001,000011111010111000111010000110010000,128,20,1,4.39947126081;0.573956956638,true,single,36,1.0e-10,64
QAOA,1,32001,74,1,0.0078125,1176.9820999999997,0.0,not_in_gurobi_pool,not_in_gurobi_pool,not_in_gurobi_pool,,,,,,,,1000101110110011001,100010111011001100111010101110000001,128,20,1,4.39947126081;0.573956956638,true,single,36,1.0e-10,64
QAOA,1,32001,75,1,0.0078125,1177.2239999999997,0.0,not_in_gurobi_pool,not_in_gurobi_pool,not_in_gurobi_pool,,,,,,,,1010001111001011001,101000111100101100100100100010011000,128,20,1,4.39947126081;0.573956956638,true,single,36,1.0e-10,64
QAOA,1,32001,76,1,0.0078125,1181.1130999999998,0.0,not_in_gurobi_pool,not_in_gurobi_pool,not_in_gurobi_pool,,,,,,,,1000101010011001111,100010101001100111111101000100001111,128,20,1,4.39947126081;0.573956956638,true,single,36,1.0e-10,64
QAOA,1,32001,77,1,0.0078125,1216.7958999999996,0.0,not_in_gurobi_pool,not_in_gurobi_pool,not_in_gurobi_pool,,,,,,,,1001101110001110101,100110111000111010100100101001000110,128,20,1,4.39947126081;0.573956956638,true,single,36,1.0e-10,64
QAOA,1,32001,78,1,0.0078125,1218.9591999999996,2.2737367544323206e-13,not_in_gurobi_pool,not_in_gurobi_pool,not_in_gurobi_pool,,,,,,,,1110001110110001000,111000111011000100011100000011011011,128,20,1,4.39947126081;0.573956956638,true,single,36,1.0e-10,64
QAOA,1,32001,79,1,0.0078125,1219.2148999999997,0.0,not_in_gurobi_pool,not_in_gurobi_pool,not_in_gurobi_pool,,,,,,,,1001101011001001001,100110101100100100101001101001010001,128,20,1,4.39947126081;0.573956956638,true,single,36,1.0e-10,64
QAOA,1,32001,80,1,0.0078125,1224.7632999999996,0.0,not_in_gurobi_pool,not_in_gurobi_pool,not_in_gurobi_pool,,,,,,,,1010001011010100001,101000101101010000110011111000101110,128,20,1,4.39947126081;0.573956956638,true,single,36,1.0e-10,64
QAOA,1,32001,81,1,0.0078125,1233.6182999999996,0.0,not_in_gurobi_pool,not_in_gurobi_pool,not_in_gurobi_pool,,,,,,,,1010111111011001110,101011111101100111011110110000110010,128,20,1,4.39947126081;0.573956956638,true,single,36,1.0e-10,64
QAOA,1,32001,82,1,0.0078125,1253.1071999999995,0.0,not_in_gurobi_pool,not_in_gurobi_pool,not_in_gurobi_pool,,,,,,,,0001100010100100001,000110001010010000111110000000110001,128,20,1,4.39947126081;0.573956956638,true,single,36,1.0e-10,64
QAOA,1,32001,83,1,0.0078125,1259.3044999999995,2.2737367544323206e-13,not_in_gurobi_pool,not_in_gurobi_pool,not_in_gurobi_pool,,,,,,,,0110110110100000100,011011011010000010000001001011001111,128,20,1,4.39947126081;0.573956956638,true,single,36,1.0e-10,64
QAOA,1,32001,84,1,0.0078125,1264.6941999999997,2.2737367544323206e-13,not_in_gurobi_pool,not_in_gurobi_pool,not_in_gurobi_pool,,,,,,,,1001100010111010110,100110001011101011010110011010010111,128,20,1,4.39947126081;0.573956956638,true,single,36,1.0e-10,64
QAOA,1,32001,85,1,0.0078125,1271.6921999999995,0.0,not_in_gurobi_pool,not_in_gurobi_pool,not_in_gurobi_pool,,,,,,,,0001100111111011010,000110011111101101001100100000011001,128,20,1,4.39947126081;0.573956956638,true,single,36,1.0e-10,64
QAOA,1,32001,86,1,0.0078125,1299.3578999999995,0.0,not_in_gurobi_pool,not_in_gurobi_pool,not_in_gurobi_pool,,,,,,,,1100001000101110101,110000100010111010110010010000011101,128,20,1,4.39947126081;0.573956956638,true,single,36,1.0e-10,64
QAOA,1,32001,87,1,0.0078125,1305.5618999999997,0.0,not_in_gurobi_pool,not_in_gurobi_pool,not_in_gurobi_pool,,,,,,,,1010101110100110100,101010111010011010000000111011010000,128,20,1,4.39947126081;0.573956956638,true,single,36,1.0e-10,64
QAOA,1,32001,88,1,0.0078125,1310.6444999999999,0.0,not_in_gurobi_pool,not_in_gurobi_pool,not_in_gurobi_pool,,,,,,,,0001100111001010111,000110011100101011111111001010000001,128,20,1,4.39947126081;0.573956956638,true,single,36,1.0e-10,64
QAOA,1,32001,89,1,0.0078125,1338.0175999999997,0.0,not_in_gurobi_pool,not_in_gurobi_pool,not_in_gurobi_pool,,,,,,,,1111100101001110011,111110010100111001101110100110000111,128,20,1,4.39947126081;0.573956956638,true,single,36,1.0e-10,64
QAOA,1,32001,90,1,0.0078125,1346.3405999999995,0.0,not_in_gurobi_pool,not_in_gurobi_pool,not_in_gurobi_pool,,,,,,,,0111010101010100010,011101010101010001000110000001111010,128,20,1,4.39947126081;0.573956956638,true,single,36,1.0e-10,64
QAOA,1,32001,91,1,0.0078125,1347.4581999999996,0.0,not_in_gurobi_pool,not_in_gurobi_pool,not_in_gurobi_pool,,,,,,,,1100100001101010111,110010000110101011100001110010010101,128,20,1,4.39947126081;0.573956956638,true,single,36,1.0e-10,64
QAOA,1,32001,92,1,0.0078125,1353.3072999999995,0.0,not_in_gurobi_pool,not_in_gurobi_pool,not_in_gurobi_pool,,,,,,,,0000101001001011110,000010100100101111011000100100001100,128,20,1,4.39947126081;0.573956956638,true,single,36,1.0e-10,64
QAOA,1,32001,93,1,0.0078125,1384.6729999999998,2.2737367544323206e-13,not_in_gurobi_pool,not_in_gurobi_pool,not_in_gurobi_pool,,,,,,,,1101001110100100010,110100111010010001001001100011000111,128,20,1,4.39947126081;0.573956956638,true,single,36,1.0e-10,64
QAOA,1,32001,94,1,0.0078125,1389.6824999999994,0.0,not_in_gurobi_pool,not_in_gurobi_pool,not_in_gurobi_pool,,,,,,,,0100010010101010111,010001001010101011110010000111111000,128,20,1,4.39947126081;0.573956956638,true,single,36,1.0e-10,64
QAOA,1,32001,95,1,0.0078125,1390.9943999999996,0.0,not_in_gurobi_pool,not_in_gurobi_pool,not_in_gurobi_pool,,,,,,,,1110101011001011001,111010101100101100100000100111100011,128,20,1,4.39947126081;0.573956956638,true,single,36,1.0e-10,64
QAOA,1,32001,96,1,0.0078125,1393.5720999999994,0.0,not_in_gurobi_pool,not_in_gurobi_pool,not_in_gurobi_pool,,,,,,,,1001110011001001110,100111001100100111001101111010101001,128,20,1,4.39947126081;0.573956956638,true,single,36,1.0e-10,64
QAOA,1,32001,97,1,0.0078125,1404.1405999999997,0.0,not_in_gurobi_pool,not_in_gurobi_pool,not_in_gurobi_pool,,,,,,,,1000111011011010110,100011101101101011011100110111001001,128,20,1,4.39947126081;0.573956956638,true,single,36,1.0e-10,64
QAOA,1,32001,98,1,0.0078125,1406.9384999999997,0.0,not_in_gurobi_pool,not_in_gurobi_pool,not_in_gurobi_pool,,,,,,,,1010111111110110101,101011111111011010100000101001010000,128,20,1,4.39947126081;0.573956956638,true,single,36,1.0e-10,64
QAOA,1,32001,99,1,0.0078125,1407.9235999999996,0.0,not_in_gurobi_pool,not_in_gurobi_pool,not_in_gurobi_pool,,,,,,,,1000111111110001111,100011111111000111110000010111011011,128,20,1,4.39947126081;0.573956956638,true,single,36,1.0e-10,64
QAOA,1,32001,100,1,0.0078125,1423.8053999999997,2.2737367544323206e-13,not_in_gurobi_pool,not_in_gurobi_pool,not_in_gurobi_pool,,,,,,,,1001100010100011010,100110001010001101000101101011010111,128,20,1,4.39947126081;0.573956956638,true,single,36,1.0e-10,64
QAOA,1,32001,101,1,0.0078125,1431.6441999999995,2.2737367544323206e-13,not_in_gurobi_pool,not_in_gurobi_pool,not_in_gurobi_pool,,,,,,,,1111001110011011010,111100111001101101010111101000000010,128,20,1,4.39947126081;0.573956956638,true,single,36,1.0e-10,64
QAOA,1,32001,102,1,0.0078125,1446.5528999999997,0.0,not_in_gurobi_pool,not_in_gurobi_pool,not_in_gurobi_pool,,,,,,,,1000010111111011110,100001011111101111010000001010000100,128,20,1,4.39947126081;0.573956956638,true,single,36,1.0e-10,64
QAOA,1,32001,103,1,0.0078125,1471.4134999999994,2.2737367544323206e-13,not_in_gurobi_pool,not_in_gurobi_pool,not_in_gurobi_pool,,,,,,,,1111110110111100010,111111011011110001000101110101111001,128,20,1,4.39947126081;0.573956956638,true,single,36,1.0e-10,64
QAOA,1,32001,104,1,0.0078125,1518.8814999999995,0.0,not_in_gurobi_pool,not_in_gurobi_pool,not_in_gurobi_pool,,,,,,,,0000111100010110101,000011110001011010101011010100010110,128,20,1,4.39947126081;0.573956956638,true,single,36,1.0e-10,64
QAOA,1,32001,105,1,0.0078125,1525.6308999999997,0.0,not_in_gurobi_pool,not_in_gurobi_pool,not_in_gurobi_pool,,,,,,,,0101001101101001100,010100110110100110010001110100001000,128,20,1,4.39947126081;0.573956956638,true,single,36,1.0e-10,64
QAOA,1,32001,106,1,0.0078125,1552.2620999999995,0.0,not_in_gurobi_pool,not_in_gurobi_pool,not_in_gurobi_pool,,,,,,,,1111101100010101000,111110110001010100001110101100100000,128,20,1,4.39947126081;0.573956956638,true,single,36,1.0e-10,64
QAOA,1,32001,107,1,0.0078125,1601.1340999999993,0.0,not_in_gurobi_pool,not_in_gurobi_pool,not_in_gurobi_pool,,,,,,,,1000010010101110110,100001001010111011001010011101000001,128,20,1,4.39947126081;0.573956956638,true,single,36,1.0e-10,64
QAOA,1,32001,108,1,0.0078125,1617.5749999999994,0.0,not_in_gurobi_pool,not_in_gurobi_pool,not_in_gurobi_pool,,,,,,,,1100000011111011110,110000001111101111000000000101010001,128,20,1,4.39947126081;0.573956956638,true,single,36,1.0e-10,64
QAOA,1,32001,109,1,0.0078125,1638.4346999999993,0.0,not_in_gurobi_pool,not_in_gurobi_pool,not_in_gurobi_pool,,,,,,,,1111100101100100000,111110010110010000010110101010010011,128,20,1,4.39947126081;0.573956956638,true,single,36,1.0e-10,64
QAOA,1,32001,110,1,0.0078125,1641.7992999999997,4.547473508864641e-13,not_in_gurobi_pool,not_in_gurobi_pool,not_in_gurobi_pool,,,,,,,,1010111100110111000,101011110011011100000000011100101010,128,20,1,4.39947126081;0.573956956638,true,single,36,1.0e-10,64
QAOA,1,32001,111,1,0.0078125,1654.3861999999995,0.0,not_in_gurobi_pool,not_in_gurobi_pool,not_in_gurobi_pool,,,,,,,,1110101111011111001,111010111101111100111000110110010011,128,20,1,4.39947126081;0.573956956638,true,single,36,1.0e-10,64
QAOA,1,32001,112,1,0.0078125,1737.2212999999997,4.547473508864641e-13,not_in_gurobi_pool,not_in_gurobi_pool,not_in_gurobi_pool,,,,,,,,0111101110101001111,011110111010100111100000101010000001,128,20,1,4.39947126081;0.573956956638,true,single,36,1.0e-10,64
QAOA,1,32001,113,1,0.0078125,1777.4286999999995,0.0,not_in_gurobi_pool,not_in_gurobi_pool,not_in_gurobi_pool,,,,,,,,0011001110001011110,001100111000101111011000001001100000,128,20,1,4.39947126081;0.573956956638,true,single,36,1.0e-10,64
QAOA,1,32001,114,1,0.0078125,1778.7115999999996,0.0,not_in_gurobi_pool,not_in_gurobi_pool,not_in_gurobi_pool,,,,,,,,0111101010110010011,011110101011001001101100010101100010,128,20,1,4.39947126081;0.573956956638,true,single,36,1.0e-10,64
QAOA,1,32001,115,1,0.0078125,1857.9161999999992,0.0,not_in_gurobi_pool,not_in_gurobi_pool,not_in_gurobi_pool,,,,,,,,0111110110110010001,011111011011001000100111001011010100,128,20,1,4.39947126081;0.573956956638,true,single,36,1.0e-10,64
QAOA,1,32001,116,1,0.0078125,1898.2809999999995,0.0,not_in_gurobi_pool,not_in_gurobi_pool,not_in_gurobi_pool,,,,,,,,1110010110111110001,111001011011111000101000111101010001,128,20,1,4.39947126081;0.573956956638,true,single,36,1.0e-10,64
QAOA,1,32001,117,1,0.0078125,1900.6750999999995,0.0,not_in_gurobi_pool,not_in_gurobi_pool,not_in_gurobi_pool,,,,,,,,1100001010001110101,110000101000111010111101001101111111,128,20,1,4.39947126081;0.573956956638,true,single,36,1.0e-10,64
QAOA,1,32001,118,1,0.0078125,1909.2780999999995,0.0,not_in_gurobi_pool,not_in_gurobi_pool,not_in_gurobi_pool,,,,,,,,1100000111101100110,110000011110110011001111001001000100,128,20,1,4.39947126081;0.573956956638,true,single,36,1.0e-10,64
QAOA,1,32001,119,1,0.0078125,1951.8247999999994,4.547473508864641e-13,not_in_gurobi_pool,not_in_gurobi_pool,not_in_gurobi_pool,,,,,,,,0111101111101100001,011110111110110000100001101000000001,128,20,1,4.39947126081;0.573956956638,true,single,36,1.0e-10,64
QAOA,1,32001,120,1,0.0078125,1959.5539999999992,4.547473508864641e-13,not_in_gurobi_pool,not_in_gurobi_pool,not_in_gurobi_pool,,,,,,,,1001000111111101110,100100011111110111010010100101011110,128,20,1,4.39947126081;0.573956956638,true,single,36,1.0e-10,64
QAOA,1,32001,121,1,0.0078125,1991.3220999999994,0.0,not_in_gurobi_pool,not_in_gurobi_pool,not_in_gurobi_pool,,,,,,,,0111001011001010000,011100101100101000000010100001000100,128,20,1,4.39947126081;0.573956956638,true,single,36,1.0e-10,64
QAOA,1,32001,122,1,0.0078125,2038.7650999999992,0.0,not_in_gurobi_pool,not_in_gurobi_pool,not_in_gurobi_pool,,,,,,,,1000010111101101110,100001011110110111000100001100111011,128,20,1,4.39947126081;0.573956956638,true,single,36,1.0e-10,64
QAOA,1,32001,123,1,0.0078125,2168.1292999999996,4.547473508864641e-13,not_in_gurobi_pool,not_in_gurobi_pool,not_in_gurobi_pool,,,,,,,,0111110111100001101,011111011110000110110001000110011000,128,20,1,4.39947126081;0.573956956638,true,single,36,1.0e-10,64
QAOA,1,32001,124,1,0.0078125,2194.888099999999,4.547473508864641e-13,not_in_gurobi_pool,not_in_gurobi_pool,not_in_gurobi_pool,,,,,,,,0110000010101011000,011000001010101100000011001101000110,128,20,1,4.39947126081;0.573956956638,true,single,36,1.0e-10,64
QAOA,1,32001,125,1,0.0078125,2204.992599999999,0.0,not_in_gurobi_pool,not_in_gurobi_pool,not_in_gurobi_pool,,,,,,,,0111100001100110101,011110000110011010110100001000010100,128,20,1,4.39947126081;0.573956956638,true,single,36,1.0e-10,64
QAOA,1,32001,126,1,0.0078125,2211.749599999999,0.0,not_in_gurobi_pool,not_in_gurobi_pool,not_in_gurobi_pool,,,,,,,,0111110101110010110,011111010111001011001110110000110010,128,20,1,4.39947126081;0.573956956638,true,single,36,1.0e-10,64
QAOA,1,32001,127,1,0.0078125,2329.8714999999993,0.0,not_in_gurobi_pool,not_in_gurobi_pool,not_in_gurobi_pool,,,,,,,,1111110111101101001,111111011110110100100000101001100100,128,20,1,4.39947126081;0.573956956638,true,single,36,1.0e-10,64
QAOA,1,32001,128,1,0.0078125,2379.7727999999993,0.0,not_in_gurobi_pool,not_in_gurobi_pool,not_in_gurobi_pool,,,,,,,,1111110111101010110,111111011110101011011000000001100000,128,20,1,4.39947126081;0.573956956638,true,single,36,1.0e-10,64
