source_summary,algorithm,run_label,time_basis_column,time_basis_sec,event,hits,total_reads,hit_rate,hit_rate_wilson95_low,hit_rate_wilson95_high,tts95_sec
ds_mfg_qaoa_juliqaoa_transfer/qaoa_juliqaoa_transfer_summary.csv,QAOA_reduced_surrogate_JuliQAOA_transfer,angle_target=energy;p=2;seed=92001;optimizer_reads=16;final_reads=32768;maximum_iterations=0,solve_time_sec,12.163851327,top50,699,32768,0.0213317871094,0.019822557495,0.022953234051,0.051598368361
ds_mfg_qaoa_juliqaoa_transfer/qaoa_juliqaoa_transfer_summary.csv,QAOA_reduced_surrogate_JuliQAOA_transfer,angle_target=energy;p=2;seed=92001;optimizer_reads=16;final_reads=32768;maximum_iterations=0,solve_time_sec,12.163851327,top10,158,32768,0.00482177734375,0.00412759507629,0.00563204748827,0.230150995567
ds_mfg_qaoa_juliqaoa_transfer/qaoa_juliqaoa_transfer_summary.csv,QAOA_reduced_surrogate_JuliQAOA_transfer,angle_target=energy;p=2;seed=92001;optimizer_reads=16;final_reads=32768;maximum_iterations=0,solve_time_sec,12.163851327,global,16,32768,0.00048828125,0.000300589644611,0.000793076662353,2.27701001098
ds_mfg_qaoa_juliqaoa_transfer/qaoa_juliqaoa_transfer_summary.csv,QAOA_reduced_surrogate_JuliQAOA_transfer,angle_target=energy;p=3;seed=92001;optimizer_reads=16;final_reads=32768;maximum_iterations=0,solve_time_sec,16.273471669,top50,1608,32768,0.049072265625,0.0467857447978,0.0514645003972,0.0297976165814
ds_mfg_qaoa_juliqaoa_transfer/qaoa_juliqaoa_transfer_summary.csv,QAOA_reduced_surrogate_JuliQAOA_transfer,angle_target=energy;p=3;seed=92001;optimizer_reads=16;final_reads=32768;maximum_iterations=0,solve_time_sec,16.273471669,top10,316,32768,0.0096435546875,0.00864140915428,0.0107606576969,0.153954352337
ds_mfg_qaoa_juliqaoa_transfer/qaoa_juliqaoa_transfer_summary.csv,QAOA_reduced_surrogate_JuliQAOA_transfer,angle_target=energy;p=3;seed=92001;optimizer_reads=16;final_reads=32768;maximum_iterations=0,solve_time_sec,16.273471669,global,23,32768,0.000701904296875,0.000467781784711,0.00105308053495,2.11910716588
ds_mfg_qaoa_juliqaoa_transfer/qaoa_juliqaoa_transfer_summary.csv,QAOA_reduced_surrogate_JuliQAOA_transfer,angle_target=energy;p=4;seed=92001;optimizer_reads=16;final_reads=32768;maximum_iterations=0,solve_time_sec,23.760740064,top50,3603,32768,0.109954833984,0.106613279693,0.113387829121,0.0188531262715
ds_mfg_qaoa_juliqaoa_transfer/qaoa_juliqaoa_transfer_summary.csv,QAOA_reduced_surrogate_JuliQAOA_transfer,angle_target=energy;p=4;seed=92001;optimizer_reads=16;final_reads=32768;maximum_iterations=0,solve_time_sec,23.760740064,top10,791,32768,0.0241394042969,0.0225325394566,0.0258578282563,0.0891897896689
ds_mfg_qaoa_juliqaoa_transfer/qaoa_juliqaoa_transfer_summary.csv,QAOA_reduced_surrogate_JuliQAOA_transfer,angle_target=energy;p=4;seed=92001;optimizer_reads=16;final_reads=32768;maximum_iterations=0,solve_time_sec,23.760740064,global,64,32768,0.001953125,0.00152994207109,0.00249306832295,1.11160932978
ds_mfg_qaoa_juliqaoa_transfer/qaoa_juliqaoa_transfer_summary.csv,QAOA_reduced_surrogate_JuliQAOA_transfer,angle_target=energy;p=5;seed=92001;optimizer_reads=16;final_reads=32768;maximum_iterations=0,solve_time_sec,29.37403103,top50,4931,32768,0.150482177734,0.146651901592,0.154394393631,0.0170320614493
ds_mfg_qaoa_juliqaoa_transfer/qaoa_juliqaoa_transfer_summary.csv,QAOA_reduced_surrogate_JuliQAOA_transfer,angle_target=energy;p=5;seed=92001;optimizer_reads=16;final_reads=32768;maximum_iterations=0,solve_time_sec,29.37403103,top10,1119,32768,0.0341491699219,0.0322367497728,0.0361708025351,0.077988912952
ds_mfg_qaoa_juliqaoa_transfer/qaoa_juliqaoa_transfer_summary.csv,QAOA_reduced_surrogate_JuliQAOA_transfer,angle_target=energy;p=5;seed=92001;optimizer_reads=16;final_reads=32768;maximum_iterations=0,solve_time_sec,29.37403103,global,96,32768,0.0029296875,0.00239990414142,0.00357600231067,0.916145621114
ds_mfg_qaoa_juliqaoa_transfer_highread/qaoa_juliqaoa_transfer_summary.csv,QAOA_reduced_surrogate_JuliQAOA_transfer,angle_target=energy;p=5;seed=92001;optimizer_reads=16;final_reads=262144;maximum_iterations=0,solve_time_sec,53.936006713,top50,39661,262144,0.151294708252,0.149928089215,0.152671546995,0.00390924120921
ds_mfg_qaoa_juliqaoa_transfer_highread/qaoa_juliqaoa_transfer_summary.csv,QAOA_reduced_surrogate_JuliQAOA_transfer,angle_target=energy;p=5;seed=92001;optimizer_reads=16;final_reads=262144;maximum_iterations=0,solve_time_sec,53.936006713,top10,8964,262144,0.0341949462891,0.0335060728201,0.0348974713748,0.0179002097474
ds_mfg_qaoa_juliqaoa_transfer_highread/qaoa_juliqaoa_transfer_summary.csv,QAOA_reduced_surrogate_JuliQAOA_transfer,angle_target=energy;p=5;seed=92001;optimizer_reads=16;final_reads=262144;maximum_iterations=0,solve_time_sec,53.936006713,global,664,262144,0.00253295898438,0.00234769599622,0.00273280152537,0.24319595312
ds_mfg_vqe_reduced_flow_objective_v3/vqe_reduced_top50_sampling_summary.csv,VQE_reduced_surrogate_top50_revisit,seed=74001;optimizer_reads=128;final_reads=32768;maximum_iterations=25,solve_time_sec,4.721729158,top50,5,32768,0.000152587890625,6.51781315674e-05,0.000357180155442,2.82888753753
ds_mfg_vqe_reduced_flow_objective_v3/vqe_reduced_top50_sampling_summary.csv,VQE_reduced_surrogate_top50_revisit,seed=74001;optimizer_reads=128;final_reads=32768;maximum_iterations=25,solve_time_sec,4.721729158,top10,2,32768,6.103515625e-05,1.67382009031e-05,0.000222536080664,7.07236293957
ds_mfg_vqe_reduced_flow_objective_v3/vqe_reduced_top50_sampling_summary.csv,VQE_reduced_surrogate_top50_revisit,seed=74001;optimizer_reads=128;final_reads=32768;maximum_iterations=25,solve_time_sec,4.721729158,global,1,32768,3.0517578125e-05,5.38712220871e-06,0.000172859157544,14.1448699749
ds_mfg_vqe_reduced_flow_objective_v3/vqe_reduced_top50_sampling_summary.csv,VQE_reduced_surrogate_top50_revisit,seed=74002;optimizer_reads=128;final_reads=32768;maximum_iterations=25,solve_time_sec,2.125016403,top50,8,32768,0.000244140625,0.000123717139704,0.000481725152747,0.795713844751
ds_mfg_vqe_reduced_flow_objective_v3/vqe_reduced_top50_sampling_summary.csv,VQE_reduced_surrogate_top50_revisit,seed=74002;optimizer_reads=128;final_reads=32768;maximum_iterations=25,solve_time_sec,2.125016403,top10,1,32768,3.0517578125e-05,5.38712220871e-06,0.000172859157544,6.36590530907
ds_mfg_vqe_reduced_flow_objective_v3/vqe_reduced_top50_sampling_summary.csv,VQE_reduced_surrogate_top50_revisit,seed=74002;optimizer_reads=128;final_reads=32768;maximum_iterations=25,solve_time_sec,2.125016403,global,0,32768,0,0,0.000117218277939,Inf
ds_mfg_vqe_reduced_flow_objective_v3/vqe_reduced_top50_sampling_summary.csv,VQE_reduced_surrogate_top50_revisit,seed=74003;optimizer_reads=128;final_reads=32768;maximum_iterations=25,solve_time_sec,2.090294473,top50,2,32768,6.103515625e-05,1.67382009031e-05,0.000222536080664,3.13091256803
ds_mfg_vqe_reduced_flow_objective_v3/vqe_reduced_top50_sampling_summary.csv,VQE_reduced_surrogate_top50_revisit,seed=74003;optimizer_reads=128;final_reads=32768;maximum_iterations=25,solve_time_sec,2.090294473,top10,0,32768,0,0,0.000117218277939,Inf
ds_mfg_vqe_reduced_flow_objective_v3/vqe_reduced_top50_sampling_summary.csv,VQE_reduced_surrogate_top50_revisit,seed=74003;optimizer_reads=128;final_reads=32768;maximum_iterations=25,solve_time_sec,2.090294473,global,0,32768,0,0,0.000117218277939,Inf
ds_mfg_vqe_reduced_flow_objective_v3/vqe_reduced_top50_sampling_summary.csv,VQE_reduced_surrogate_top50_revisit,seed=74004;optimizer_reads=128;final_reads=32768;maximum_iterations=25,solve_time_sec,2.105764496,top50,1,32768,3.0517578125e-05,5.38712220871e-06,0.000172859157544,6.30823242861
ds_mfg_vqe_reduced_flow_objective_v3/vqe_reduced_top50_sampling_summary.csv,VQE_reduced_surrogate_top50_revisit,seed=74004;optimizer_reads=128;final_reads=32768;maximum_iterations=25,solve_time_sec,2.105764496,top10,0,32768,0,0,0.000117218277939,Inf
ds_mfg_vqe_reduced_flow_objective_v3/vqe_reduced_top50_sampling_summary.csv,VQE_reduced_surrogate_top50_revisit,seed=74004;optimizer_reads=128;final_reads=32768;maximum_iterations=25,solve_time_sec,2.105764496,global,0,32768,0,0,0.000117218277939,Inf
ds_mfg_vqe_reduced_flow_objective_v3/vqe_reduced_top50_sampling_summary.csv,VQE_reduced_surrogate_top50_revisit,seed=74005;optimizer_reads=128;final_reads=32768;maximum_iterations=25,solve_time_sec,2.124852894,top50,1,32768,3.0517578125e-05,5.38712220871e-06,0.000172859157544,6.36541548565
ds_mfg_vqe_reduced_flow_objective_v3/vqe_reduced_top50_sampling_summary.csv,VQE_reduced_surrogate_top50_revisit,seed=74005;optimizer_reads=128;final_reads=32768;maximum_iterations=25,solve_time_sec,2.124852894,top10,0,32768,0,0,0.000117218277939,Inf
ds_mfg_vqe_reduced_flow_objective_v3/vqe_reduced_top50_sampling_summary.csv,VQE_reduced_surrogate_top50_revisit,seed=74005;optimizer_reads=128;final_reads=32768;maximum_iterations=25,solve_time_sec,2.124852894,global,0,32768,0,0,0.000117218277939,Inf
ds_mfg_vqe_reduced_flow_objective_v3/vqe_reduced_top50_sampling_summary.csv,VQE_reduced_surrogate_top50_revisit,seed=74006;optimizer_reads=128;final_reads=32768;maximum_iterations=25,solve_time_sec,2.099358257,top50,2,32768,6.103515625e-05,1.67382009031e-05,0.000222536080664,3.1444886051
ds_mfg_vqe_reduced_flow_objective_v3/vqe_reduced_top50_sampling_summary.csv,VQE_reduced_surrogate_top50_revisit,seed=74006;optimizer_reads=128;final_reads=32768;maximum_iterations=25,solve_time_sec,2.099358257,top10,0,32768,0,0,0.000117218277939,Inf
ds_mfg_vqe_reduced_flow_objective_v3/vqe_reduced_top50_sampling_summary.csv,VQE_reduced_surrogate_top50_revisit,seed=74006;optimizer_reads=128;final_reads=32768;maximum_iterations=25,solve_time_sec,2.099358257,global,0,32768,0,0,0.000117218277939,Inf
ds_mfg_vqe_reduced_flow_objective_v3/vqe_reduced_top50_sampling_summary.csv,VQE_reduced_surrogate_top50_revisit,seed=74007;optimizer_reads=128;final_reads=32768;maximum_iterations=25,solve_time_sec,2.124122779,top50,9,32768,0.000274658203125,0.000144509480222,0.000521960814044,0.706960541619
ds_mfg_vqe_reduced_flow_objective_v3/vqe_reduced_top50_sampling_summary.csv,VQE_reduced_surrogate_top50_revisit,seed=74007;optimizer_reads=128;final_reads=32768;maximum_iterations=25,solve_time_sec,2.124122779,top10,3,32768,9.1552734375e-05,3.11366690761e-05,0.000269165614305,2.12101127102
ds_mfg_vqe_reduced_flow_objective_v3/vqe_reduced_top50_sampling_summary.csv,VQE_reduced_surrogate_top50_revisit,seed=74007;optimizer_reads=128;final_reads=32768;maximum_iterations=25,solve_time_sec,2.124122779,global,2,32768,6.103515625e-05,1.67382009031e-05,0.000222536080664,3.18158172962
ds_mfg_vqe_reduced_flow_objective_v3/vqe_reduced_top50_sampling_summary.csv,VQE_reduced_surrogate_top50_revisit,seed=74008;optimizer_reads=128;final_reads=32768;maximum_iterations=25,solve_time_sec,2.101062403,top50,2,32768,6.103515625e-05,1.67382009031e-05,0.000222536080664,3.14704113164
ds_mfg_vqe_reduced_flow_objective_v3/vqe_reduced_top50_sampling_summary.csv,VQE_reduced_surrogate_top50_revisit,seed=74008;optimizer_reads=128;final_reads=32768;maximum_iterations=25,solve_time_sec,2.101062403,top10,1,32768,3.0517578125e-05,5.38712220871e-06,0.000172859157544,6.29414638262
ds_mfg_vqe_reduced_flow_objective_v3/vqe_reduced_top50_sampling_summary.csv,VQE_reduced_surrogate_top50_revisit,seed=74008;optimizer_reads=128;final_reads=32768;maximum_iterations=25,solve_time_sec,2.101062403,global,0,32768,0,0,0.000117218277939,Inf
ds_mfg_vqe_reduced_flow_objective_v3/vqe_reduced_top50_sampling_summary.csv,VQE_reduced_surrogate_top50_revisit,seed=74009;optimizer_reads=128;final_reads=32768;maximum_iterations=25,solve_time_sec,2.122553228,top50,1,32768,3.0517578125e-05,5.38712220871e-06,0.000172859157544,6.35852638306
ds_mfg_vqe_reduced_flow_objective_v3/vqe_reduced_top50_sampling_summary.csv,VQE_reduced_surrogate_top50_revisit,seed=74009;optimizer_reads=128;final_reads=32768;maximum_iterations=25,solve_time_sec,2.122553228,top10,0,32768,0,0,0.000117218277939,Inf
ds_mfg_vqe_reduced_flow_objective_v3/vqe_reduced_top50_sampling_summary.csv,VQE_reduced_surrogate_top50_revisit,seed=74009;optimizer_reads=128;final_reads=32768;maximum_iterations=25,solve_time_sec,2.122553228,global,0,32768,0,0,0.000117218277939,Inf
ds_mfg_vqe_reduced_flow_objective_v3/vqe_reduced_top50_sampling_summary.csv,VQE_reduced_surrogate_top50_revisit,seed=74010;optimizer_reads=128;final_reads=32768;maximum_iterations=25,solve_time_sec,2.168794207,top50,6,32768,0.00018310546875,8.39214948086e-05,0.000399464794015,1.08280863118
ds_mfg_vqe_reduced_flow_objective_v3/vqe_reduced_top50_sampling_summary.csv,VQE_reduced_surrogate_top50_revisit,seed=74010;optimizer_reads=128;final_reads=32768;maximum_iterations=25,solve_time_sec,2.168794207,top10,0,32768,0,0,0.000117218277939,Inf
ds_mfg_vqe_reduced_flow_objective_v3/vqe_reduced_top50_sampling_summary.csv,VQE_reduced_surrogate_top50_revisit,seed=74010;optimizer_reads=128;final_reads=32768;maximum_iterations=25,solve_time_sec,2.168794207,global,0,32768,0,0,0.000117218277939,Inf
ds_mfg_vqe_reduced_flow_objective_v3/vqe_reduced_top50_sampling_summary.csv,VQE_reduced_surrogate_top50_revisit,seed=74011;optimizer_reads=128;final_reads=32768;maximum_iterations=25,solve_time_sec,2.150092515,top50,1,32768,3.0517578125e-05,5.38712220871e-06,0.000172859157544,6.4410257431
ds_mfg_vqe_reduced_flow_objective_v3/vqe_reduced_top50_sampling_summary.csv,VQE_reduced_surrogate_top50_revisit,seed=74011;optimizer_reads=128;final_reads=32768;maximum_iterations=25,solve_time_sec,2.150092515,top10,0,32768,0,0,0.000117218277939,Inf
ds_mfg_vqe_reduced_flow_objective_v3/vqe_reduced_top50_sampling_summary.csv,VQE_reduced_surrogate_top50_revisit,seed=74011;optimizer_reads=128;final_reads=32768;maximum_iterations=25,solve_time_sec,2.150092515,global,0,32768,0,0,0.000117218277939,Inf
ds_mfg_vqe_reduced_flow_objective_v3/vqe_reduced_top50_sampling_summary.csv,VQE_reduced_surrogate_top50_revisit,seed=74012;optimizer_reads=128;final_reads=32768;maximum_iterations=25,solve_time_sec,2.200683086,top50,4,32768,0.0001220703125,4.74717522044e-05,0.000313858532991,1.64809457185
ds_mfg_vqe_reduced_flow_objective_v3/vqe_reduced_top50_sampling_summary.csv,VQE_reduced_surrogate_top50_revisit,seed=74012;optimizer_reads=128;final_reads=32768;maximum_iterations=25,solve_time_sec,2.200683086,top10,3,32768,9.1552734375e-05,3.11366690761e-05,0.000269165614305,2.19745942914
ds_mfg_vqe_reduced_flow_objective_v3/vqe_reduced_top50_sampling_summary.csv,VQE_reduced_surrogate_top50_revisit,seed=74012;optimizer_reads=128;final_reads=32768;maximum_iterations=25,solve_time_sec,2.200683086,global,0,32768,0,0,0.000117218277939,Inf
ds_mfg_vqe_reduced_flow_objective_v3/vqe_reduced_top50_sampling_summary.csv,VQE_reduced_surrogate_top50_revisit,seed=74013;optimizer_reads=128;final_reads=32768;maximum_iterations=25,solve_time_sec,2.347887256,top50,2,32768,6.103515625e-05,1.67382009031e-05,0.000222536080664,3.51674360387
ds_mfg_vqe_reduced_flow_objective_v3/vqe_reduced_top50_sampling_summary.csv,VQE_reduced_surrogate_top50_revisit,seed=74013;optimizer_reads=128;final_reads=32768;maximum_iterations=25,solve_time_sec,2.347887256,top10,0,32768,0,0,0.000117218277939,Inf
ds_mfg_vqe_reduced_flow_objective_v3/vqe_reduced_top50_sampling_summary.csv,VQE_reduced_surrogate_top50_revisit,seed=74013;optimizer_reads=128;final_reads=32768;maximum_iterations=25,solve_time_sec,2.347887256,global,0,32768,0,0,0.000117218277939,Inf
ds_mfg_vqe_reduced_flow_objective_v3/vqe_reduced_top50_sampling_summary.csv,VQE_reduced_surrogate_top50_revisit,seed=74014;optimizer_reads=128;final_reads=32768;maximum_iterations=25,solve_time_sec,2.181794625,top50,2,32768,6.103515625e-05,1.67382009031e-05,0.000222536080664,3.26796453826
ds_mfg_vqe_reduced_flow_objective_v3/vqe_reduced_top50_sampling_summary.csv,VQE_reduced_surrogate_top50_revisit,seed=74014;optimizer_reads=128;final_reads=32768;maximum_iterations=25,solve_time_sec,2.181794625,top10,0,32768,0,0,0.000117218277939,Inf
ds_mfg_vqe_reduced_flow_objective_v3/vqe_reduced_top50_sampling_summary.csv,VQE_reduced_surrogate_top50_revisit,seed=74014;optimizer_reads=128;final_reads=32768;maximum_iterations=25,solve_time_sec,2.181794625,global,0,32768,0,0,0.000117218277939,Inf
ds_mfg_vqe_reduced_flow_objective_v3/vqe_reduced_top50_sampling_summary.csv,VQE_reduced_surrogate_top50_revisit,seed=74015;optimizer_reads=128;final_reads=32768;maximum_iterations=25,solve_time_sec,2.154812904,top50,3,32768,9.1552734375e-05,3.11366690761e-05,0.000269165614305,2.15165643979
ds_mfg_vqe_reduced_flow_objective_v3/vqe_reduced_top50_sampling_summary.csv,VQE_reduced_surrogate_top50_revisit,seed=74015;optimizer_reads=128;final_reads=32768;maximum_iterations=25,solve_time_sec,2.154812904,top10,0,32768,0,0,0.000117218277939,Inf
ds_mfg_vqe_reduced_flow_objective_v3/vqe_reduced_top50_sampling_summary.csv,VQE_reduced_surrogate_top50_revisit,seed=74015;optimizer_reads=128;final_reads=32768;maximum_iterations=25,solve_time_sec,2.154812904,global,0,32768,0,0,0.000117218277939,Inf
ds_mfg_vqe_reduced_flow_objective_v3/vqe_reduced_top50_sampling_summary.csv,VQE_reduced_surrogate_top50_revisit,seed=74016;optimizer_reads=128;final_reads=32768;maximum_iterations=25,solve_time_sec,2.120418189,top50,3,32768,9.1552734375e-05,3.11366690761e-05,0.000269165614305,2.11731210767
ds_mfg_vqe_reduced_flow_objective_v3/vqe_reduced_top50_sampling_summary.csv,VQE_reduced_surrogate_top50_revisit,seed=74016;optimizer_reads=128;final_reads=32768;maximum_iterations=25,solve_time_sec,2.120418189,top10,2,32768,6.103515625e-05,1.67382009031e-05,0.000222536080664,3.17603287153
ds_mfg_vqe_reduced_flow_objective_v3/vqe_reduced_top50_sampling_summary.csv,VQE_reduced_surrogate_top50_revisit,seed=74016;optimizer_reads=128;final_reads=32768;maximum_iterations=25,solve_time_sec,2.120418189,global,0,32768,0,0,0.000117218277939,Inf
ds_mfg_vqe_reduced_flow_objective_v3/vqe_reduced_top50_sampling_summary.csv,VQE_reduced_surrogate_top50_revisit,seed=74017;optimizer_reads=128;final_reads=32768;maximum_iterations=25,solve_time_sec,2.073735156,top50,1,32768,3.0517578125e-05,5.38712220871e-06,0.000172859157544,6.21228223018
ds_mfg_vqe_reduced_flow_objective_v3/vqe_reduced_top50_sampling_summary.csv,VQE_reduced_surrogate_top50_revisit,seed=74017;optimizer_reads=128;final_reads=32768;maximum_iterations=25,solve_time_sec,2.073735156,top10,0,32768,0,0,0.000117218277939,Inf
ds_mfg_vqe_reduced_flow_objective_v3/vqe_reduced_top50_sampling_summary.csv,VQE_reduced_surrogate_top50_revisit,seed=74017;optimizer_reads=128;final_reads=32768;maximum_iterations=25,solve_time_sec,2.073735156,global,0,32768,0,0,0.000117218277939,Inf
ds_mfg_vqe_reduced_flow_objective_v3/vqe_reduced_top50_sampling_summary.csv,VQE_reduced_surrogate_top50_revisit,seed=74018;optimizer_reads=128;final_reads=32768;maximum_iterations=25,solve_time_sec,2.118166428,top50,23,32768,0.000701904296875,0.000467781784711,0.00105308053495,0.275824467416
ds_mfg_vqe_reduced_flow_objective_v3/vqe_reduced_top50_sampling_summary.csv,VQE_reduced_surrogate_top50_revisit,seed=74018;optimizer_reads=128;final_reads=32768;maximum_iterations=25,solve_time_sec,2.118166428,top10,8,32768,0.000244140625,0.000123717139704,0.000481725152747,0.79314886693
ds_mfg_vqe_reduced_flow_objective_v3/vqe_reduced_top50_sampling_summary.csv,VQE_reduced_surrogate_top50_revisit,seed=74018;optimizer_reads=128;final_reads=32768;maximum_iterations=25,solve_time_sec,2.118166428,global,0,32768,0,0,0.000117218277939,Inf
ds_mfg_vqe_reduced_flow_objective_v3/vqe_reduced_top50_sampling_summary.csv,VQE_reduced_surrogate_top50_revisit,seed=74019;optimizer_reads=128;final_reads=32768;maximum_iterations=25,solve_time_sec,2.103079813,top50,0,32768,0,0,0.000117218277939,Inf
ds_mfg_vqe_reduced_flow_objective_v3/vqe_reduced_top50_sampling_summary.csv,VQE_reduced_surrogate_top50_revisit,seed=74019;optimizer_reads=128;final_reads=32768;maximum_iterations=25,solve_time_sec,2.103079813,top10,0,32768,0,0,0.000117218277939,Inf
ds_mfg_vqe_reduced_flow_objective_v3/vqe_reduced_top50_sampling_summary.csv,VQE_reduced_surrogate_top50_revisit,seed=74019;optimizer_reads=128;final_reads=32768;maximum_iterations=25,solve_time_sec,2.103079813,global,0,32768,0,0,0.000117218277939,Inf
ds_mfg_vqe_reduced_flow_objective_v3/vqe_reduced_top50_sampling_summary.csv,VQE_reduced_surrogate_top50_revisit,seed=74020;optimizer_reads=128;final_reads=32768;maximum_iterations=25,solve_time_sec,2.151434842,top50,1,32768,3.0517578125e-05,5.38712220871e-06,0.000172859157544,6.4450469481
ds_mfg_vqe_reduced_flow_objective_v3/vqe_reduced_top50_sampling_summary.csv,VQE_reduced_surrogate_top50_revisit,seed=74020;optimizer_reads=128;final_reads=32768;maximum_iterations=25,solve_time_sec,2.151434842,top10,0,32768,0,0,0.000117218277939,Inf
ds_mfg_vqe_reduced_flow_objective_v3/vqe_reduced_top50_sampling_summary.csv,VQE_reduced_surrogate_top50_revisit,seed=74020;optimizer_reads=128;final_reads=32768;maximum_iterations=25,solve_time_sec,2.151434842,global,0,32768,0,0,0.000117218277939,Inf
ds_mfg_vqe_reduced_flow_objective_v4/vqe_reduced_top50_sampling_summary.csv,VQE_reduced_surrogate_top50_revisit,seed=74001;optimizer_reads=128;final_reads=262144;maximum_iterations=25,solve_time_sec,15.812079204,top50,54,262144,0.000205993652344,0.000157895468897,0.000268739586339,0.877148650301
ds_mfg_vqe_reduced_flow_objective_v4/vqe_reduced_top50_sampling_summary.csv,VQE_reduced_surrogate_top50_revisit,seed=74001;optimizer_reads=128;final_reads=262144;maximum_iterations=25,solve_time_sec,15.812079204,top10,19,262144,7.24792480469e-05,4.64031884538e-05,0.000113206971172,2.49301546318
ds_mfg_vqe_reduced_flow_objective_v4/vqe_reduced_top50_sampling_summary.csv,VQE_reduced_surrogate_top50_revisit,seed=74001;optimizer_reads=128;final_reads=262144;maximum_iterations=25,solve_time_sec,15.812079204,global,3,262144,1.14440917969e-05,3.89203141708e-06,3.36496045008e-05,15.7895201616
ds_mfg_vqe_reduced_flow_objective_v4/vqe_reduced_top50_sampling_summary.csv,VQE_reduced_surrogate_top50_revisit,seed=74007;optimizer_reads=128;final_reads=262144;maximum_iterations=25,solve_time_sec,12.599367739,top50,84,262144,0.000320434570312,0.000258853284402,0.000396660252786,0.449290808198
ds_mfg_vqe_reduced_flow_objective_v4/vqe_reduced_top50_sampling_summary.csv,VQE_reduced_surrogate_top50_revisit,seed=74007;optimizer_reads=128;final_reads=262144;maximum_iterations=25,solve_time_sec,12.599367739,top10,24,262144,9.1552734375e-05,6.15267776451e-05,0.000136229795639,1.57261395424
ds_mfg_vqe_reduced_flow_objective_v4/vqe_reduced_top50_sampling_summary.csv,VQE_reduced_surrogate_top50_revisit,seed=74007;optimizer_reads=128;final_reads=262144;maximum_iterations=25,solve_time_sec,12.599367739,global,3,262144,1.14440917969e-05,3.89203141708e-06,3.36496045008e-05,12.5813922617
ds_mfg_vqe_reduced_flow_objective_v4/vqe_reduced_top50_sampling_summary.csv,VQE_reduced_surrogate_top50_revisit,seed=74018;optimizer_reads=128;final_reads=262144;maximum_iterations=25,solve_time_sec,13.59845704,top50,199,262144,0.000759124755859,0.00066075642577,0.000872124625566,0.20464291772
ds_mfg_vqe_reduced_flow_objective_v4/vqe_reduced_top50_sampling_summary.csv,VQE_reduced_surrogate_top50_revisit,seed=74018;optimizer_reads=128;final_reads=262144;maximum_iterations=25,solve_time_sec,13.59845704,top10,78,262144,0.000297546386719,0.000238442241031,0.000371295599766,0.522215526664
ds_mfg_vqe_reduced_flow_objective_v4/vqe_reduced_top50_sampling_summary.csv,VQE_reduced_surrogate_top50_revisit,seed=74018;optimizer_reads=128;final_reads=262144;maximum_iterations=25,solve_time_sec,13.59845704,global,13,262144,4.95910644531e-05,2.89827794288e-05,8.48516838062e-05,3.13360440396
ds_mfg_vqe_reduced_flow_objective_final/vqe_reduced_top50_sampling_summary.csv,VQE_reduced_surrogate_top50_revisit,seed=74018;optimizer_reads=128;final_reads=524288;maximum_iterations=25,solve_time_sec,30.078369633,top50,391,524288,0.00074577331543,0.000675447894987,0.000823414754933,0.230397667782
ds_mfg_vqe_reduced_flow_objective_final/vqe_reduced_top50_sampling_summary.csv,VQE_reduced_surrogate_top50_revisit,seed=74018;optimizer_reads=128;final_reads=524288;maximum_iterations=25,solve_time_sec,30.078369633,top10,152,524288,0.000289916992188,0.000247350685191,0.000339805998316,0.592746191117
ds_mfg_vqe_reduced_flow_objective_final/vqe_reduced_top50_sampling_summary.csv,VQE_reduced_surrogate_top50_revisit,seed=74018;optimizer_reads=128;final_reads=524288;maximum_iterations=25,solve_time_sec,30.078369633,global,20,524288,3.81469726562e-05,2.46955767249e-05,5.89247571309e-05,4.50526116806
ds_mfg_vqe_reduced_flow_objective_final/vqe_reduced_top50_sampling_summary.csv,VQE_reduced_surrogate_top50_revisit,seed=74007;optimizer_reads=128;final_reads=524288;maximum_iterations=25,solve_time_sec,25.28987146,top50,168,524288,0.000320434570312,0.000275511143043,0.000372680249513,0.450915753189
ds_mfg_vqe_reduced_flow_objective_final/vqe_reduced_top50_sampling_summary.csv,VQE_reduced_surrogate_top50_revisit,seed=74007;optimizer_reads=128;final_reads=524288;maximum_iterations=25,solve_time_sec,25.28987146,top10,35,524288,6.67572021484e-05,4.80034224829e-05,9.2836951106e-05,2.16456926707
ds_mfg_vqe_reduced_flow_objective_final/vqe_reduced_top50_sampling_summary.csv,VQE_reduced_surrogate_top50_revisit,seed=74007;optimizer_reads=128;final_reads=524288;maximum_iterations=25,solve_time_sec,25.28987146,global,3,524288,5.72204589844e-06,1.94601384369e-06,1.6824941648e-05,25.2538387185
ds_mfg_vqe_reduced_flow_objective_final/vqe_reduced_top50_sampling_summary.csv,VQE_reduced_surrogate_top50_revisit,seed=74001;optimizer_reads=128;final_reads=524288;maximum_iterations=25,solve_time_sec,25.613298383,top50,115,524288,0.000219345092773,0.000182755416088,0.000263258502744,0.667192108186
ds_mfg_vqe_reduced_flow_objective_final/vqe_reduced_top50_sampling_summary.csv,VQE_reduced_surrogate_top50_revisit,seed=74001;optimizer_reads=128;final_reads=524288;maximum_iterations=25,solve_time_sec,25.613298383,top10,36,524288,6.86645507812e-05,4.96012289549e-05,9.50538139496e-05,2.13138004657
ds_mfg_vqe_reduced_flow_objective_final/vqe_reduced_top50_sampling_summary.csv,VQE_reduced_surrogate_top50_revisit,seed=74001;optimizer_reads=128;final_reads=524288;maximum_iterations=25,solve_time_sec,25.613298383,global,5,524288,9.53674316406e-06,4.07353330562e-06,2.23267608172e-05,15.3460535836
ds_mfg_classical_baselines/classical_baseline_summary.csv,uniform_random_repaired_flow,seed=81001;sample_budget=262144,wall_time_sec,2.077276,top50,24,262144,9.1552734375e-05,6.15267776451e-05,0.000136229795639,0.259279139404
ds_mfg_classical_baselines/classical_baseline_summary.csv,uniform_random_repaired_flow,seed=81001;sample_budget=262144,wall_time_sec,2.077276,top10,5,262144,1.90734863281e-05,8.14707993287e-06,4.46531214484e-05,1.24458741422
ds_mfg_classical_baselines/classical_baseline_summary.csv,uniform_random_repaired_flow,seed=81001;sample_budget=262144,wall_time_sec,2.077276,global,0,262144,0,0,1.46537877227e-05,Inf
ds_mfg_classical_baselines/classical_baseline_summary.csv,uniform_random_repaired_flow,seed=81002;sample_budget=524288,wall_time_sec,3.497137,top50,49,524288,9.34600830078e-05,7.07007382957e-05,0.000123545005711,0.213801826975
ds_mfg_classical_baselines/classical_baseline_summary.csv,uniform_random_repaired_flow,seed=81002;sample_budget=524288,wall_time_sec,3.497137,top10,11,524288,2.09808349609e-05,1.17158076392e-05,3.75725023769e-05,0.95239965872
ds_mfg_classical_baselines/classical_baseline_summary.csv,uniform_random_repaired_flow,seed=81002;sample_budget=524288,wall_time_sec,3.497137,global,0,524288,0,0,7.3269475451e-06,Inf
ds_mfg_classical_baselines/classical_baseline_summary.csv,hill_climb_restarts_repaired_flow,seed=82001;sample_budget=262144,wall_time_sec,0.934386,top50,883,262144,0.00336837768555,0.0031537403879,0.00359757005194,0.00316518695068
ds_mfg_classical_baselines/classical_baseline_summary.csv,hill_climb_restarts_repaired_flow,seed=82001;sample_budget=262144,wall_time_sec,0.934386,top10,177,262144,0.000675201416016,0.000582813269882,0.000782223561355,0.0158116771545
ds_mfg_classical_baselines/classical_baseline_summary.csv,hill_climb_restarts_repaired_flow,seed=82001;sample_budget=262144,wall_time_sec,0.934386,global,19,262144,7.24792480469e-05,4.64031884538e-05,0.000113206971172,0.147320204796
