p,sigma,trial,seed,number_of_reads,maximum_iterations,initial_parameters,base_fixed_angle_parameters,qiskit_parameter_names,result,reads,probability,qubo_energy,energy_check_abs_error,match,projection_match,encoded_match,aux_consistent,best_aux_bits,best_full_bits_for_projection,best_aux_qubo_energy,qubo_energy_gap_to_best_aux,aux_hamming_to_best,matched_ip_obj,flow_bits,full_bits,use_fast_aer_backend,fast_aer_precision,fast_aer_threads,fast_mps_truncation_threshold,fast_mps_max_bond_dimension
2,0.2,1,42201,128,10,0.577335954624;0.330039745889;-0.051763488314;-1.01771563608,0.555;0.293;-0.488;-0.898,β[0];β[1];γ[0];γ[1],1,1,0.0078125,611.4750999999998,0.0,not_in_gurobi_pool,not_in_gurobi_pool,not_in_gurobi_pool,,00100000010000100,101010010011101101100100000010000100,269.4886999999997,341.98640000000006,8,,1010100100111011011,101010010011101101111110100010011010,true,single,36,1.0e-10,64
2,0.2,1,42201,128,10,0.577335954624;0.330039745889;-0.051763488314;-1.01771563608,0.555;0.293;-0.488;-0.898,β[0];β[1];γ[0];γ[1],2,1,0.0078125,652.6003999999998,0.0,not_in_gurobi_pool,not_in_gurobi_pool,not_in_gurobi_pool,,00010100011100101,001011000001001001000010100011100101,310.61399999999975,341.98640000000006,10,,0010110000010010010,001011000001001001011111000111011111,true,single,36,1.0e-10,64
2,0.2,1,42201,128,10,0.577335954624;0.330039745889;-0.051763488314;-1.01771563608,0.555;0.293;-0.488;-0.898,β[0];β[1];γ[0];γ[1],3,1,0.0078125,660.5883999999996,1.1368683772161603e-13,not_in_gurobi_pool,not_in_gurobi_pool,not_in_gurobi_pool,,00100100011000100,101010000101101101000100100011000100,361.3502999999997,299.23810000000003,7,,1010100001011011010,101010000101101101001111010111010100,true,single,36,1.0e-10,64
2,0.2,1,42201,128,10,0.577335954624;0.330039745889;-0.051763488314;-1.01771563608,0.555;0.293;-0.488;-0.898,β[0];β[1];γ[0];γ[1],4,1,0.0078125,708.3066999999999,0.0,not_in_gurobi_pool,not_in_gurobi_pool,not_in_gurobi_pool,,00000101110000000,110000101001100010000000101110000000,409.0685999999999,299.2381,9,,1100001010011000100,110000101001100010001011000101010100,true,single,36,1.0e-10,64
2,0.2,1,42201,128,10,0.577335954624;0.330039745889;-0.051763488314;-1.01771563608,0.555;0.293;-0.488;-0.898,β[0];β[1];γ[0];γ[1],5,1,0.0078125,735.9884999999997,1.1368683772161603e-13,not_in_gurobi_pool,not_in_gurobi_pool,not_in_gurobi_pool,,00100100010000001,101110011000111001000100100010000001,564.9952999999997,170.9931999999999,6,,1011100110001110010,101110011000111001000000010110100101,true,single,36,1.0e-10,64
2,0.2,1,42201,128,10,0.577335954624;0.330039745889;-0.051763488314;-1.01771563608,0.555;0.293;-0.488;-0.898,β[0];β[1];γ[0];γ[1],6,1,0.0078125,743.0794999999997,0.0,not_in_gurobi_pool,not_in_gurobi_pool,not_in_gurobi_pool,,10000100010100000,001111011001101000110000100010100000,401.0930999999997,341.9864,8,,0011110110011010001,001111011001101000110110111001100110,true,single,36,1.0e-10,64
2,0.2,1,42201,128,10,0.577335954624;0.330039745889;-0.051763488314;-1.01771563608,0.555;0.293;-0.488;-0.898,β[0];β[1];γ[0];γ[1],7,1,0.0078125,747.4079999999997,0.0,not_in_gurobi_pool,not_in_gurobi_pool,not_in_gurobi_pool,,00000101110000010,110000101001110101000000101110000010,448.16989999999976,299.2380999999999,7,,1100001010011101010,110000101001110101000100000101001000,true,single,36,1.0e-10,64
2,0.2,1,42201,128,10,0.577335954624;0.330039745889;-0.051763488314;-1.01771563608,0.555;0.293;-0.488;-0.898,β[0];β[1];γ[0];γ[1],8,1,0.0078125,783.9372999999999,1.1368683772161603e-13,not_in_gurobi_pool,not_in_gurobi_pool,not_in_gurobi_pool,,00100100011000011,101010011001010001100100100011000011,228.20939999999985,555.7279,11,,1010100110010100011,101010011001010001110101011111110100,true,single,36,1.0e-10,64
2,0.2,1,42201,128,10,0.577335954624;0.330039745889;-0.051763488314;-1.01771563608,0.555;0.293;-0.488;-0.898,β[0];β[1];γ[0];γ[1],9,1,0.0078125,824.2085999999997,0.0,not_in_gurobi_pool,not_in_gurobi_pool,not_in_gurobi_pool,,10010101110000000,110000100001101000110010101110000000,353.9772999999998,470.2312999999999,7,,1100001000011010001,110000100001101000100010000000000011,true,single,36,1.0e-10,64
2,0.2,1,42201,128,10,0.577335954624;0.330039745889;-0.051763488314;-1.01771563608,0.555;0.293;-0.488;-0.898,β[0];β[1];γ[0];γ[1],10,1,0.0078125,825.5760999999997,0.0,not_in_gurobi_pool,not_in_gurobi_pool,not_in_gurobi_pool,,10000100010100000,101101001001101000010000100010100000,526.3379999999997,299.2380999999999,9,,1011010010011010000,101101001001101000010010011101101100,true,single,36,1.0e-10,64
2,0.2,1,42201,128,10,0.577335954624;0.330039745889;-0.051763488314;-1.01771563608,0.555;0.293;-0.488;-0.898,β[0];β[1];γ[0];γ[1],11,1,0.0078125,826.0070999999997,0.0,not_in_gurobi_pool,not_in_gurobi_pool,not_in_gurobi_pool,,10100100010000000,101110011001000100110100100010000000,484.02069999999975,341.98639999999995,8,,1011100110010001001,101110011001000100111100011101010000,true,single,36,1.0e-10,64
2,0.2,1,42201,128,10,0.577335954624;0.330039745889;-0.051763488314;-1.01771563608,0.555;0.293;-0.488;-0.898,β[0];β[1];γ[0];γ[1],12,1,0.0078125,840.9450999999998,1.1368683772161603e-13,not_in_gurobi_pool,not_in_gurobi_pool,not_in_gurobi_pool,,00000101100100000,010111111001100110100000101100100000,584.4552999999999,256.48980000000006,4,,0101111110011001101,010111111001100110101000101101101100,true,single,36,1.0e-10,64
2,0.2,1,42201,128,10,0.577335954624;0.330039745889;-0.051763488314;-1.01771563608,0.555;0.293;-0.488;-0.898,β[0];β[1];γ[0];γ[1],13,1,0.0078125,873.9203999999997,0.0,not_in_gurobi_pool,not_in_gurobi_pool,not_in_gurobi_pool,,00000100010100001,101111000101111001000000100010100001,446.4373999999997,427.48300000000006,10,,1011110001011110010,101111000101111001010111100100011000,true,single,36,1.0e-10,64
2,0.2,1,42201,128,10,0.577335954624;0.330039745889;-0.051763488314;-1.01771563608,0.555;0.293;-0.488;-0.898,β[0];β[1];γ[0];γ[1],14,1,0.0078125,879.3098999999995,0.0,not_in_gurobi_pool,not_in_gurobi_pool,not_in_gurobi_pool,,00000000010101011,001001010111010001100000000010101011,409.07859999999965,470.23129999999986,9,,0010010101110100011,001001010111010001100011010100010010,true,single,36,1.0e-10,64
2,0.2,1,42201,128,10,0.577335954624;0.330039745889;-0.051763488314;-1.01771563608,0.555;0.293;-0.488;-0.898,β[0];β[1];γ[0];γ[1],15,1,0.0078125,908.1091999999996,0.0,not_in_gurobi_pool,not_in_gurobi_pool,not_in_gurobi_pool,,10000000010101000,101011010011101000110000000010101000,181.3880999999999,726.7210999999998,11,,1010110100111010001,101011010011101000101110001111000101,true,single,36,1.0e-10,64
2,0.2,1,42201,128,10,0.577335954624;0.330039745889;-0.051763488314;-1.01771563608,0.555;0.293;-0.488;-0.898,β[0];β[1];γ[0];γ[1],16,1,0.0078125,909.7351999999996,0.0,not_in_gurobi_pool,not_in_gurobi_pool,not_in_gurobi_pool,,10000101110000000,110000101000101000110000101110000000,439.5038999999998,470.2312999999998,11,,1100001010001010001,110000101000101000101001001001101101,true,single,36,1.0e-10,64
2,0.2,1,42201,128,10,0.577335954624;0.330039745889;-0.051763488314;-1.01771563608,0.555;0.293;-0.488;-0.898,β[0];β[1];γ[0];γ[1],17,1,0.0078125,913.5756999999996,1.1368683772161603e-13,not_in_gurobi_pool,not_in_gurobi_pool,not_in_gurobi_pool,,00100100010000010,101110011001110101000100100010000010,486.09269999999975,427.483,10,,1011100110011101010,101110011001110101000011011101000000,true,single,36,1.0e-10,64
2,0.2,1,42201,128,10,0.577335954624;0.330039745889;-0.051763488314;-1.01771563608,0.555;0.293;-0.488;-0.898,β[0];β[1];γ[0];γ[1],18,1,0.0078125,914.4691999999998,0.0,not_in_gurobi_pool,not_in_gurobi_pool,not_in_gurobi_pool,,00010101110100110,010001110001100101100010101110100110,444.2378999999996,470.23130000000015,9,,0100011100011001011,010001110001100101100111100000010011,true,single,36,1.0e-10,64
2,0.2,1,42201,128,10,0.577335954624;0.330039745889;-0.051763488314;-1.01771563608,0.555;0.293;-0.488;-0.898,β[0];β[1];γ[0];γ[1],19,1,0.0078125,952.8844999999999,1.1368683772161603e-13,not_in_gurobi_pool,not_in_gurobi_pool,not_in_gurobi_pool,,10010101110100000,110001110001000100010010101110100000,610.8980999999999,341.9863999999999,10,,1100011100010001000,110001110001000100011101001101011000,true,single,36,1.0e-10,64
2,0.2,1,42201,128,10,0.577335954624;0.330039745889;-0.051763488314;-1.01771563608,0.555;0.293;-0.488;-0.898,β[0];β[1];γ[0];γ[1],20,1,0.0078125,956.6849999999997,0.0,not_in_gurobi_pool,not_in_gurobi_pool,not_in_gurobi_pool,,00000100010100010,001101010100110101100000100010100010,657.4468999999997,299.23810000000003,11,,0011010101001101011,001101010100110101110110000101010111,true,single,36,1.0e-10,64
2,0.2,1,42201,128,10,0.577335954624;0.330039745889;-0.051763488314;-1.01771563608,0.555;0.293;-0.488;-0.898,β[0];β[1];γ[0];γ[1],21,1,0.0078125,957.9564999999997,0.0,not_in_gurobi_pool,not_in_gurobi_pool,not_in_gurobi_pool,,00100100011000000,001010001000100110100100100011000000,530.4734999999998,427.48299999999983,8,,0010100010001001101,001010001000100110101000010111110001,true,single,36,1.0e-10,64
2,0.2,1,42201,128,10,0.577335954624;0.330039745889;-0.051763488314;-1.01771563608,0.555;0.293;-0.488;-0.898,β[0];β[1];γ[0];γ[1],22,1,0.0078125,958.7444999999996,0.0,not_in_gurobi_pool,not_in_gurobi_pool,not_in_gurobi_pool,,00100000010000101,001000010110001001100100000010000101,488.51319999999976,470.2312999999998,9,,0010000101100010011,001000010110001001101101110101010001,true,single,36,1.0e-10,64
2,0.2,1,42201,128,10,0.577335954624;0.330039745889;-0.051763488314;-1.01771563608,0.555;0.293;-0.488;-0.898,β[0];β[1];γ[0];γ[1],23,1,0.0078125,962.7954999999997,0.0,not_in_gurobi_pool,not_in_gurobi_pool,not_in_gurobi_pool,,00000001000101000,110011110011101010000000001000101000,407.06759999999986,555.7278999999999,9,,1100111100111010100,110011110011101010000011110010000100,true,single,36,1.0e-10,64
2,0.2,1,42201,128,10,0.577335954624;0.330039745889;-0.051763488314;-1.01771563608,0.555;0.293;-0.488;-0.898,β[0];β[1];γ[0];γ[1],24,1,0.0078125,992.7567999999995,1.1368683772161603e-13,not_in_gurobi_pool,not_in_gurobi_pool,not_in_gurobi_pool,,00010100011100010,101001000001010101000010100011100010,565.2737999999998,427.48299999999983,6,,1010010000010101010,101001000001010101010111101111101010,true,single,36,1.0e-10,64
2,0.2,1,42201,128,10,0.577335954624;0.330039745889;-0.051763488314;-1.01771563608,0.555;0.293;-0.488;-0.898,β[0];β[1];γ[0];γ[1],25,1,0.0078125,995.9092999999997,1.1368683772161603e-13,not_in_gurobi_pool,not_in_gurobi_pool,not_in_gurobi_pool,,00100100010000010,001110001000010101100100100010000010,696.6711999999998,299.23810000000003,7,,0011100010000101011,001110001000010101110000001011000001,true,single,36,1.0e-10,64
2,0.2,1,42201,128,10,0.577335954624;0.330039745889;-0.051763488314;-1.01771563608,0.555;0.293;-0.488;-0.898,β[0];β[1];γ[0];γ[1],26,1,0.0078125,996.6872999999997,0.0,not_in_gurobi_pool,not_in_gurobi_pool,not_in_gurobi_pool,,00000101100100101,110101111000101001000000101100100101,697.4491999999995,299.23810000000026,7,,1101011110001010010,110101111000101001011000101100011000,true,single,36,1.0e-10,64
2,0.2,1,42201,128,10,0.577335954624;0.330039745889;-0.051763488314;-1.01771563608,0.555;0.293;-0.488;-0.898,β[0];β[1];γ[0];γ[1],27,1,0.0078125,997.8086999999996,0.0,not_in_gurobi_pool,not_in_gurobi_pool,not_in_gurobi_pool,,00000000011110101,111001001001101001000000000011110101,484.8290999999995,512.9796000000001,8,,1110010010011010010,111001001001101001011000100100111001,true,single,36,1.0e-10,64
2,0.2,1,42201,128,10,0.577335954624;0.330039745889;-0.051763488314;-1.01771563608,0.555;0.293;-0.488;-0.898,β[0];β[1];γ[0];γ[1],28,1,0.0078125,998.6412999999997,0.0,not_in_gurobi_pool,not_in_gurobi_pool,not_in_gurobi_pool,,00000100010100001,101101011001011001000000100010100001,699.4031999999996,299.23810000000003,5,,1011010110010110010,101101011001011001000001111000000001,true,single,36,1.0e-10,64
2,0.2,1,42201,128,10,0.577335954624;0.330039745889;-0.051763488314;-1.01771563608,0.555;0.293;-0.488;-0.898,β[0];β[1];γ[0];γ[1],29,1,0.0078125,1000.0822999999996,0.0,not_in_gurobi_pool,not_in_gurobi_pool,not_in_gurobi_pool,,10000001010100000,110101010101101000110000001010100000,444.35439999999966,555.7278999999999,13,,1101010101011010001,110101010101101000101111011101011010,true,single,36,1.0e-10,64
2,0.2,1,42201,128,10,0.577335954624;0.330039745889;-0.051763488314;-1.01771563608,0.555;0.293;-0.488;-0.898,β[0];β[1];γ[0];γ[1],30,1,0.0078125,1002.0067999999995,1.1368683772161603e-13,not_in_gurobi_pool,not_in_gurobi_pool,not_in_gurobi_pool,,10000001000101000,110011110110010000010000001000101000,574.5237999999997,427.48299999999995,10,,1100111101100100000,110011110110010000000111100100011010,true,single,36,1.0e-10,64
2,0.2,1,42201,128,10,0.577335954624;0.330039745889;-0.051763488314;-1.01771563608,0.555;0.293;-0.488;-0.898,β[0];β[1];γ[0];γ[1],31,1,0.0078125,1003.0932999999997,1.1368683772161603e-13,not_in_gurobi_pool,not_in_gurobi_pool,not_in_gurobi_pool,,10100100010000000,001110000101001000010100100010000000,618.3585999999997,384.73469999999986,7,,0011100001010010000,001110000101001000010000011110001100,true,single,36,1.0e-10,64
2,0.2,1,42201,128,10,0.577335954624;0.330039745889;-0.051763488314;-1.01771563608,0.555;0.293;-0.488;-0.898,β[0];β[1];γ[0];γ[1],32,1,0.0078125,1011.3847999999997,0.0,not_in_gurobi_pool,not_in_gurobi_pool,not_in_gurobi_pool,,00000101110100000,010011111001001010000000101110100000,455.65689999999984,555.7278999999999,11,,0100111110010010100,010011111001001010001110000011010101,true,single,36,1.0e-10,64
2,0.2,1,42201,128,10,0.577335954624;0.330039745889;-0.051763488314;-1.01771563608,0.555;0.293;-0.488;-0.898,β[0];β[1];γ[0];γ[1],33,1,0.0078125,1014.1117999999997,1.1368683772161603e-13,not_in_gurobi_pool,not_in_gurobi_pool,not_in_gurobi_pool,,10000101110000000,010000101101101000010000101110000000,629.3770999999999,384.73469999999986,7,,0100001011011010000,010000101101101000000111111100100000,true,single,36,1.0e-10,64
2,0.2,1,42201,128,10,0.577335954624;0.330039745889;-0.051763488314;-1.01771563608,0.555;0.293;-0.488;-0.898,β[0];β[1];γ[0];γ[1],34,1,0.0078125,1036.2830999999996,0.0,not_in_gurobi_pool,not_in_gurobi_pool,not_in_gurobi_pool,,10100000010000000,101000011010110000010100000010000000,566.0517999999997,470.2312999999999,9,,1010000110101100000,101000011010110000000011010000001011,true,single,36,1.0e-10,64
2,0.2,1,42201,128,10,0.577335954624;0.330039745889;-0.051763488314;-1.01771563608,0.555;0.293;-0.488;-0.898,β[0];β[1];γ[0];γ[1],35,1,0.0078125,1039.3045999999997,0.0,not_in_gurobi_pool,not_in_gurobi_pool,not_in_gurobi_pool,,00010101100100011,110101110001110001000010101100100011,697.3181999999996,341.9864000000001,10,,1101011100011100010,110101110001110001010001010000010001,true,single,36,1.0e-10,64
2,0.2,1,42201,128,10,0.577335954624;0.330039745889;-0.051763488314;-1.01771563608,0.555;0.293;-0.488;-0.898,β[0];β[1];γ[0];γ[1],36,1,0.0078125,1040.4850999999996,0.0,not_in_gurobi_pool,not_in_gurobi_pool,not_in_gurobi_pool,,00010100011100111,101001010001100011000010100011100111,570.2537999999997,470.2312999999999,9,,1010010100011000110,101001010001100011011111000010101001,true,single,36,1.0e-10,64
2,0.2,1,42201,128,10,0.577335954624;0.330039745889;-0.051763488314;-1.01771563608,0.555;0.293;-0.488;-0.898,β[0];β[1];γ[0];γ[1],37,1,0.0078125,1046.3075999999996,0.0,not_in_gurobi_pool,not_in_gurobi_pool,not_in_gurobi_pool,,00100100010000000,101110011001101010100100100010000000,447.83139999999975,598.4761999999998,12,,1011100110011010101,101110011001101010110011111001011101,true,single,36,1.0e-10,64
2,0.2,1,42201,128,10,0.577335954624;0.330039745889;-0.051763488314;-1.01771563608,0.555;0.293;-0.488;-0.898,β[0];β[1];γ[0];γ[1],38,1,0.0078125,1047.3030999999996,0.0,not_in_gurobi_pool,not_in_gurobi_pool,not_in_gurobi_pool,,00100000010000011,101010010111110001000100000010000011,363.3302999999997,683.9728,10,,1010100101111100010,101010010111110001011000011100000100,true,single,36,1.0e-10,64
2,0.2,1,42201,128,10,0.577335954624;0.330039745889;-0.051763488314;-1.01771563608,0.555;0.293;-0.488;-0.898,β[0];β[1];γ[0];γ[1],39,1,0.0078125,1047.6671,0.0,not_in_gurobi_pool,not_in_gurobi_pool,not_in_gurobi_pool,,10000101110000000,110010100101101000010000101110000000,278.1977,769.4694,12,,1100101001011010000,110010100101101000001011110010101111,true,single,36,1.0e-10,64
2,0.2,1,42201,128,10,0.577335954624;0.330039745889;-0.051763488314;-1.01771563608,0.555;0.293;-0.488;-0.898,β[0];β[1];γ[0];γ[1],40,1,0.0078125,1087.5033999999996,0.0,not_in_gurobi_pool,not_in_gurobi_pool,not_in_gurobi_pool,,10000001000101000,110001110110010000110000001000101000,745.5169999999997,341.9863999999999,6,,1100011101100100001,110001110110010000110101101001001010,true,single,36,1.0e-10,64
2,0.2,1,42201,128,10,0.577335954624;0.330039745889;-0.051763488314;-1.01771563608,0.555;0.293;-0.488;-0.898,β[0];β[1];γ[0];γ[1],41,1,0.0078125,1091.0703999999996,0.0,not_in_gurobi_pool,not_in_gurobi_pool,not_in_gurobi_pool,,00000001000000000,110000101010101010100000001000000000,834.5805999999997,256.48979999999995,6,,1100001010101010101,110000101010101010101100000010100100,true,single,36,1.0e-10,64
2,0.2,1,42201,128,10,0.577335954624;0.330039745889;-0.051763488314;-1.01771563608,0.555;0.293;-0.488;-0.898,β[0];β[1];γ[0];γ[1],42,1,0.0078125,1129.7592,4.547473508864641e-13,not_in_gurobi_pool,not_in_gurobi_pool,not_in_gurobi_pool,,00100000000000011,001110000110010001100100000000000011,787.7727999999997,341.9863999999998,6,,0011100001100100011,001110000110010001110001101001000011,true,single,36,1.0e-10,64
2,0.2,1,42201,128,10,0.577335954624;0.330039745889;-0.051763488314;-1.01771563608,0.555;0.293;-0.488;-0.898,β[0];β[1];γ[0];γ[1],43,1,0.0078125,1136.5601999999994,0.0,not_in_gurobi_pool,not_in_gurobi_pool,not_in_gurobi_pool,,00100100010000011,101110000101010011000100100010000011,623.5805999999998,512.9795999999997,8,,1011100001010100110,101110000101010011001011000110010111,true,single,36,1.0e-10,64
2,0.2,1,42201,128,10,0.577335954624;0.330039745889;-0.051763488314;-1.01771563608,0.555;0.293;-0.488;-0.898,β[0];β[1];γ[0];γ[1],44,1,0.0078125,1139.7521999999997,2.2737367544323206e-13,not_in_gurobi_pool,not_in_gurobi_pool,not_in_gurobi_pool,,00000101100000000,010100101001001010100000101100000000,755.0174999999997,384.73469999999975,5,,0101001010010010101,010100101001001010101010100101001000,true,single,36,1.0e-10,64
2,0.2,1,42201,128,10,0.577335954624;0.330039745889;-0.051763488314;-1.01771563608,0.555;0.293;-0.488;-0.898,β[0];β[1];γ[0];γ[1],45,1,0.0078125,1166.4414999999997,2.2737367544323206e-13,not_in_gurobi_pool,not_in_gurobi_pool,not_in_gurobi_pool,,00110100010000001,001110010001111001000110100010000001,696.2101999999996,470.2312999999998,9,,0011100100011110010,001110010001111001010011101001110011,true,single,36,1.0e-10,64
2,0.2,1,42201,128,10,0.577335954624;0.330039745889;-0.051763488314;-1.01771563608,0.555;0.293;-0.488;-0.898,β[0];β[1];γ[0];γ[1],46,1,0.0078125,1175.0499999999995,0.0,not_in_gurobi_pool,not_in_gurobi_pool,not_in_gurobi_pool,,00000001000101010,010001110011010101000000001000101010,747.5669999999996,427.48299999999995,8,,0100011100110101010,010001110011010101011011011010100011,true,single,36,1.0e-10,64
2,0.2,1,42201,128,10,0.577335954624;0.330039745889;-0.051763488314;-1.01771563608,0.555;0.293;-0.488;-0.898,β[0];β[1];γ[0];γ[1],47,1,0.0078125,1175.6039999999998,0.0,not_in_gurobi_pool,not_in_gurobi_pool,not_in_gurobi_pool,,00000001000101010,110001110110010101100000001000101010,833.6175999999997,341.9864000000001,6,,1100011101100101011,110001110110010101100100001110110000,true,single,36,1.0e-10,64
2,0.2,1,42201,128,10,0.577335954624;0.330039745889;-0.051763488314;-1.01771563608,0.555;0.293;-0.488;-0.898,β[0];β[1];γ[0];γ[1],48,1,0.0078125,1177.5524999999998,0.0,not_in_gurobi_pool,not_in_gurobi_pool,not_in_gurobi_pool,,00100100010000000,001110011001101010000100100010000000,664.5728999999998,512.9796,8,,0011100110011010100,001110011001101010001000110000110101,true,single,36,1.0e-10,64
2,0.2,1,42201,128,10,0.577335954624;0.330039745889;-0.051763488314;-1.01771563608,0.555;0.293;-0.488;-0.898,β[0];β[1];γ[0];γ[1],49,1,0.0078125,1182.7299999999996,0.0,not_in_gurobi_pool,not_in_gurobi_pool,not_in_gurobi_pool,,00000001000101000,110011111011101010100000001000101000,456.0088999999998,726.7210999999998,11,,1100111110111010101,110011111011101010110111010110100011,true,single,36,1.0e-10,64
2,0.2,1,42201,128,10,0.577335954624;0.330039745889;-0.051763488314;-1.01771563608,0.555;0.293;-0.488;-0.898,β[0];β[1];γ[0];γ[1],50,1,0.0078125,1207.1477999999995,2.2737367544323206e-13,not_in_gurobi_pool,not_in_gurobi_pool,not_in_gurobi_pool,,10000100010100000,001101011000001000110000100010100000,651.4198999999998,555.7279,7,,0011010110000010001,001101011000001000111000001111101010,true,single,36,1.0e-10,64
2,0.2,1,42201,128,10,0.577335954624;0.330039745889;-0.051763488314;-1.01771563608,0.555;0.293;-0.488;-0.898,β[0];β[1];γ[0];γ[1],51,1,0.0078125,1217.1822999999995,0.0,not_in_gurobi_pool,not_in_gurobi_pool,not_in_gurobi_pool,,00000001000000101,110000100110001001000000001000000101,661.4543999999996,555.7278999999999,9,,1100001001100010010,110000100110001001001011001111001011,true,single,36,1.0e-10,64
2,0.2,1,42201,128,10,0.577335954624;0.330039745889;-0.051763488314;-1.01771563608,0.555;0.293;-0.488;-0.898,β[0];β[1];γ[0];γ[1],52,1,0.0078125,1220.6312999999996,0.0,not_in_gurobi_pool,not_in_gurobi_pool,not_in_gurobi_pool,,00000100011100000,101001001100110010100000100011100000,835.8965999999997,384.73469999999986,7,,1010010011001100101,101001001100110010100111010011000001,true,single,36,1.0e-10,64
2,0.2,1,42201,128,10,0.577335954624;0.330039745889;-0.051763488314;-1.01771563608,0.555;0.293;-0.488;-0.898,β[0];β[1];γ[0];γ[1],53,1,0.0078125,1223.3927999999996,0.0,not_in_gurobi_pool,not_in_gurobi_pool,not_in_gurobi_pool,,00000001000000000,110110100110100110100000001000000000,924.1546999999996,299.23810000000003,5,,1101101001101001101,110110100110100110110000011001001010,true,single,36,1.0e-10,64
2,0.2,1,42201,128,10,0.577335954624;0.330039745889;-0.051763488314;-1.01771563608,0.555;0.293;-0.488;-0.898,β[0];β[1];γ[0];γ[1],54,1,0.0078125,1225.6802999999995,0.0,not_in_gurobi_pool,not_in_gurobi_pool,not_in_gurobi_pool,,00000101110000000,110000101100001010100000101110000000,798.1972999999997,427.48299999999983,6,,1100001011000010101,110000101100001010111001100010010000,true,single,36,1.0e-10,64
2,0.2,1,42201,128,10,0.577335954624;0.330039745889;-0.051763488314;-1.01771563608,0.555;0.293;-0.488;-0.898,β[0];β[1];γ[0];γ[1],55,1,0.0078125,1264.7255999999998,2.2737367544323206e-13,not_in_gurobi_pool,not_in_gurobi_pool,not_in_gurobi_pool,,00100100011000001,101010011101011001100100100011000001,580.7527999999998,683.9727999999998,8,,1010100111010110011,101010011101011001100111110100101001,true,single,36,1.0e-10,64
2,0.2,1,42201,128,10,0.577335954624;0.330039745889;-0.051763488314;-1.01771563608,0.555;0.293;-0.488;-0.898,β[0];β[1];γ[0];γ[1],56,1,0.0078125,1265.7650999999996,0.0,not_in_gurobi_pool,not_in_gurobi_pool,not_in_gurobi_pool,,10100001010000000,010100001101001000110100001010000000,923.7786999999996,341.9864,8,,0101000011010010001,010100001101001000110100101101011101,true,single,36,1.0e-10,64
2,0.2,1,42201,128,10,0.577335954624;0.330039745889;-0.051763488314;-1.01771563608,0.555;0.293;-0.488;-0.898,β[0];β[1];γ[0];γ[1],57,1,0.0078125,1267.2335999999996,0.0,not_in_gurobi_pool,not_in_gurobi_pool,not_in_gurobi_pool,,00100000010000000,101010000111100110100100000010000000,540.5124999999997,726.7210999999999,11,,1010100001111001101,101010000111100110110011010001111001,true,single,36,1.0e-10,64
2,0.2,1,42201,128,10,0.577335954624;0.330039745889;-0.051763488314;-1.01771563608,0.555;0.293;-0.488;-0.898,β[0];β[1];γ[0];γ[1],58,1,0.0078125,1268.2790999999997,0.0,not_in_gurobi_pool,not_in_gurobi_pool,not_in_gurobi_pool,,00100100010000010,001110001101110101000100100010000010,840.7960999999997,427.48300000000006,8,,0011100011011101010,001110001101110101001100111101000001,true,single,36,1.0e-10,64
2,0.2,1,42201,128,10,0.577335954624;0.330039745889;-0.051763488314;-1.01771563608,0.555;0.293;-0.488;-0.898,β[0];β[1];γ[0];γ[1],59,1,0.0078125,1294.7513999999996,2.2737367544323206e-13,not_in_gurobi_pool,not_in_gurobi_pool,not_in_gurobi_pool,,10000001000000000,010100110010101000010000001000000000,696.2751999999997,598.4761999999997,8,,0101001100101010000,010100110010101000011011111000100110,true,single,36,1.0e-10,64
2,0.2,1,42201,128,10,0.577335954624;0.330039745889;-0.051763488314;-1.01771563608,0.555;0.293;-0.488;-0.898,β[0];β[1];γ[0];γ[1],60,1,0.0078125,1302.5388999999996,0.0,not_in_gurobi_pool,not_in_gurobi_pool,not_in_gurobi_pool,,00100100011000010,101010000100010111100100100011000010,704.0626999999997,598.4761999999998,8,,1010100001000101111,101010000100010111100001110111011001,true,single,36,1.0e-10,64
2,0.2,1,42201,128,10,0.577335954624;0.330039745889;-0.051763488314;-1.01771563608,0.555;0.293;-0.488;-0.898,β[0];β[1];γ[0];γ[1],61,1,0.0078125,1303.8828999999996,0.0,not_in_gurobi_pool,not_in_gurobi_pool,not_in_gurobi_pool,,00100000010000101,110000000111001001100100000010000101,448.91689999999977,854.9659999999999,14,,1100000001110010011,110000000111001001111011011000111010,true,single,36,1.0e-10,64
2,0.2,1,42201,128,10,0.577335954624;0.330039745889;-0.051763488314;-1.01771563608,0.555;0.293;-0.488;-0.898,β[0];β[1];γ[0];γ[1],62,1,0.0078125,1307.6328999999996,0.0,not_in_gurobi_pool,not_in_gurobi_pool,not_in_gurobi_pool,,00100000010000001,001010000111111001100100000010000001,538.1634999999997,769.4694,8,,0010100001111110011,001010000111111001100111101100001101,true,single,36,1.0e-10,64
2,0.2,1,42201,128,10,0.577335954624;0.330039745889;-0.051763488314;-1.01771563608,0.555;0.293;-0.488;-0.898,β[0];β[1];γ[0];γ[1],63,1,0.0078125,1308.6423999999997,0.0,not_in_gurobi_pool,not_in_gurobi_pool,not_in_gurobi_pool,,00000101100000101,010100101100101001000000101100000101,1052.1525999999997,256.48980000000006,6,,0101001011001010010,010100101100101001010101101110010100,true,single,36,1.0e-10,64
2,0.2,1,42201,128,10,0.577335954624;0.330039745889;-0.051763488314;-1.01771563608,0.555;0.293;-0.488;-0.898,β[0];β[1];γ[0];γ[1],64,1,0.0078125,1333.7545999999995,0.0,not_in_gurobi_pool,not_in_gurobi_pool,not_in_gurobi_pool,,00100000010100101,111100001000101001000100000010100101,991.7681999999996,341.9863999999999,8,,1111000010001010010,111100001000101001010001010001001101,true,single,36,1.0e-10,64
2,0.2,1,42201,128,10,0.577335954624;0.330039745889;-0.051763488314;-1.01771563608,0.555;0.293;-0.488;-0.898,β[0];β[1];γ[0];γ[1],65,1,0.0078125,1341.7501999999995,0.0,not_in_gurobi_pool,not_in_gurobi_pool,not_in_gurobi_pool,,00100000010000100,101010000110101101000100000010000100,743.2739999999997,598.4761999999998,10,,1010100001101011010,101010000110101101011000001101011000,true,single,36,1.0e-10,64
2,0.2,1,42201,128,10,0.577335954624;0.330039745889;-0.051763488314;-1.01771563608,0.555;0.293;-0.488;-0.898,β[0];β[1];γ[0];γ[1],66,1,0.0078125,1344.1596999999997,0.0,not_in_gurobi_pool,not_in_gurobi_pool,not_in_gurobi_pool,,00100100010000100,001110011001001101100100100010000100,702.9351999999997,641.2245,9,,0011100110010011011,001110011001001101101110101100011001,true,single,36,1.0e-10,64
2,0.2,1,42201,128,10,0.577335954624;0.330039745889;-0.051763488314;-1.01771563608,0.555;0.293;-0.488;-0.898,β[0];β[1];γ[0];γ[1],67,1,0.0078125,1344.5511999999997,2.2737367544323206e-13,not_in_gurobi_pool,not_in_gurobi_pool,not_in_gurobi_pool,,10000101110000000,110000101001010100010000101110000000,788.8232999999998,555.7279000000001,9,,1100001010010101000,110000101001010100011111101101110100,true,single,36,1.0e-10,64
2,0.2,1,42201,128,10,0.577335954624;0.330039745889;-0.051763488314;-1.01771563608,0.555;0.293;-0.488;-0.898,β[0];β[1];γ[0];γ[1],68,1,0.0078125,1345.0131999999994,0.0,not_in_gurobi_pool,not_in_gurobi_pool,not_in_gurobi_pool,,10000101110100000,010001110100101100010000101110100000,832.0335999999998,512.9795999999997,6,,0100011101001011000,010001110100101100001101100010100000,true,single,36,1.0e-10,64
2,0.2,1,42201,128,10,0.577335954624;0.330039745889;-0.051763488314;-1.01771563608,0.555;0.293;-0.488;-0.898,β[0];β[1];γ[0];γ[1],69,1,0.0078125,1346.1661999999997,0.0,not_in_gurobi_pool,not_in_gurobi_pool,not_in_gurobi_pool,,00000001000101001,110011110110011001000000001000101001,747.6899999999996,598.4762000000001,8,,1100111101100110010,110011110110011001011110111000000001,true,single,36,1.0e-10,64
2,0.2,1,42201,128,10,0.577335954624;0.330039745889;-0.051763488314;-1.01771563608,0.555;0.293;-0.488;-0.898,β[0];β[1];γ[0];γ[1],70,1,0.0078125,1346.1661999999997,2.2737367544323206e-13,not_in_gurobi_pool,not_in_gurobi_pool,not_in_gurobi_pool,,00000001000000001,110000100110011001100000001000000001,790.4382999999996,555.7278999999999,7,,1100001001100110011,110000100110011001101010111111000001,true,single,36,1.0e-10,64
2,0.2,1,42201,128,10,0.577335954624;0.330039745889;-0.051763488314;-1.01771563608,0.555;0.293;-0.488;-0.898,β[0];β[1];γ[0];γ[1],71,1,0.0078125,1347.8366999999996,2.2737367544323206e-13,not_in_gurobi_pool,not_in_gurobi_pool,not_in_gurobi_pool,,00000101100100101,010101111001001001000000101100100101,834.8570999999997,512.9796000000001,8,,0101011110010010010,010101111001001001010101100010000100,true,single,36,1.0e-10,64
2,0.2,1,42201,128,10,0.577335954624;0.330039745889;-0.051763488314;-1.01771563608,0.555;0.293;-0.488;-0.898,β[0];β[1];γ[0];γ[1],72,1,0.0078125,1381.2694999999994,0.0,not_in_gurobi_pool,not_in_gurobi_pool,not_in_gurobi_pool,,10100000010000000,001010011010010000110100000010000000,611.8000999999997,769.4693999999997,10,,0010100110100100001,001010011010010000100001101100000111,true,single,36,1.0e-10,64
2,0.2,1,42201,128,10,0.577335954624;0.330039745889;-0.051763488314;-1.01771563608,0.555;0.293;-0.488;-0.898,β[0];β[1];γ[0];γ[1],73,1,0.0078125,1387.8279999999995,0.0,not_in_gurobi_pool,not_in_gurobi_pool,not_in_gurobi_pool,,10100100010000000,001110000101101000110100100010000000,532.8619999999997,854.9659999999998,12,,0011100001011010001,001110000101101000101111111110101111,true,single,36,1.0e-10,64
2,0.2,1,42201,128,10,0.577335954624;0.330039745889;-0.051763488314;-1.01771563608,0.555;0.293;-0.488;-0.898,β[0];β[1];γ[0];γ[1],74,1,0.0078125,1427.0522999999994,0.0,not_in_gurobi_pool,not_in_gurobi_pool,not_in_gurobi_pool,,10100100010000000,001110011001001000110100100010000000,614.8345999999997,812.2176999999997,11,,0011100110010010001,001110011001001000101010001110011011,true,single,36,1.0e-10,64
2,0.2,1,42201,128,10,0.577335954624;0.330039745889;-0.051763488314;-1.01771563608,0.555;0.293;-0.488;-0.898,β[0];β[1];γ[0];γ[1],75,1,0.0078125,1427.7912999999994,2.2737367544323206e-13,not_in_gurobi_pool,not_in_gurobi_pool,not_in_gurobi_pool,,10100100010000000,001110001001111000110100100010000000,786.5667999999997,641.2244999999999,11,,0011100010011110001,001110001001111000101000011000011101,true,single,36,1.0e-10,64
2,0.2,1,42201,128,10,0.577335954624;0.330039745889;-0.051763488314;-1.01771563608,0.555;0.293;-0.488;-0.898,β[0];β[1];γ[0];γ[1],76,1,0.0078125,1430.4922999999994,2.2737367544323206e-13,not_in_gurobi_pool,not_in_gurobi_pool,not_in_gurobi_pool,,00000001000101101,010111100011101001000000001000101101,703.7711999999997,726.7211,11,,0101111000111010010,010111100011101001001111011010110010,true,single,36,1.0e-10,64
2,0.2,1,42201,128,10,0.577335954624;0.330039745889;-0.051763488314;-1.01771563608,0.555;0.293;-0.488;-0.898,β[0];β[1];γ[0];γ[1],77,1,0.0078125,1431.7372999999995,2.2737367544323206e-13,not_in_gurobi_pool,not_in_gurobi_pool,not_in_gurobi_pool,,00100000000000101,001110001011101001100100000000000101,619.5195999999996,812.2176999999997,9,,0011100010111010011,001110001011101001111010001101000000,true,single,36,1.0e-10,64
2,0.2,1,42201,128,10,0.577335954624;0.330039745889;-0.051763488314;-1.01771563608,0.555;0.293;-0.488;-0.898,β[0];β[1];γ[0];γ[1],78,1,0.0078125,1470.5395999999996,0.0,not_in_gurobi_pool,not_in_gurobi_pool,not_in_gurobi_pool,,10100100010000000,001110001001111000110100100010000000,786.5667999999997,683.9727999999999,10,,0011100010011110001,001110001001111000101011010010101010,true,single,36,1.0e-10,64
2,0.2,1,42201,128,10,0.577335954624;0.330039745889;-0.051763488314;-1.01771563608,0.555;0.293;-0.488;-0.898,β[0];β[1];γ[0];γ[1],79,1,0.0078125,1477.7755999999995,0.0,not_in_gurobi_pool,not_in_gurobi_pool,not_in_gurobi_pool,,00000100010100000,101111011100000110100000100010100000,622.8095999999997,854.9659999999998,12,,1011110111000001101,101111011100000110111011000100111111,true,single,36,1.0e-10,64
2,0.2,1,42201,128,10,0.577335954624;0.330039745889;-0.051763488314;-1.01771563608,0.555;0.293;-0.488;-0.898,β[0];β[1];γ[0];γ[1],80,1,0.0078125,1478.3080999999997,0.0,not_in_gurobi_pool,not_in_gurobi_pool,not_in_gurobi_pool,,00000001000000010,110000101010110111100000001000000010,1050.8250999999996,427.4830000000002,6,,1100001010101101111,110000101010110111110001000100010011,true,single,36,1.0e-10,64
2,0.2,1,42201,128,10,0.577335954624;0.330039745889;-0.051763488314;-1.01771563608,0.555;0.293;-0.488;-0.898,β[0];β[1];γ[0];γ[1],81,1,0.0078125,1479.7860999999998,0.0,not_in_gurobi_pool,not_in_gurobi_pool,not_in_gurobi_pool,,00000101110000000,110010101001010110100000101110000000,753.0649999999998,726.7211,11,,1100101010010101101,110010101001010110110111010011010100,true,single,36,1.0e-10,64
2,0.2,1,42201,128,10,0.577335954624;0.330039745889;-0.051763488314;-1.01771563608,0.555;0.293;-0.488;-0.898,β[0];β[1];γ[0];γ[1],82,1,0.0078125,1516.4723999999997,0.0,not_in_gurobi_pool,not_in_gurobi_pool,not_in_gurobi_pool,,00000101110000000,110000101000001110000000101110000000,1003.4927999999998,512.9795999999999,8,,1100001010000011100,110000101000001110001000011110101111,true,single,36,1.0e-10,64
2,0.2,1,42201,128,10,0.577335954624;0.330039745889;-0.051763488314;-1.01771563608,0.555;0.293;-0.488;-0.898,β[0];β[1];γ[0];γ[1],83,1,0.0078125,1516.5428999999995,2.2737367544323206e-13,not_in_gurobi_pool,not_in_gurobi_pool,not_in_gurobi_pool,,00000001000101101,110101110110001001000000001000101101,960.8149999999996,555.7279000000001,9,,1101011101100010010,110101110110001001001101000110110001,true,single,36,1.0e-10,64
2,0.2,1,42201,128,10,0.577335954624;0.330039745889;-0.051763488314;-1.01771563608,0.555;0.293;-0.488;-0.898,β[0];β[1];γ[0];γ[1],84,1,0.0078125,1517.1299999999997,0.0,not_in_gurobi_pool,not_in_gurobi_pool,not_in_gurobi_pool,,00000101000001010,000111100011110101000000101000001010,619.4156999999997,897.7143,11,,0001111000111101010,000111100011110101011111100011101111,true,single,36,1.0e-10,64
2,0.2,1,42201,128,10,0.577335954624;0.330039745889;-0.051763488314;-1.01771563608,0.555;0.293;-0.488;-0.898,β[0];β[1];γ[0];γ[1],85,1,0.0078125,1522.8798999999995,0.0,not_in_gurobi_pool,not_in_gurobi_pool,not_in_gurobi_pool,,00000000000101000,010111011011101010100000000000101000,625.1655999999997,897.7142999999998,11,,0101110110111010101,010111011011101010110111111010000001,true,single,36,1.0e-10,64
2,0.2,1,42201,128,10,0.577335954624;0.330039745889;-0.051763488314;-1.01771563608,0.555;0.293;-0.488;-0.898,β[0];β[1];γ[0];γ[1],86,1,0.0078125,1523.8498999999993,2.2737367544323206e-13,not_in_gurobi_pool,not_in_gurobi_pool,not_in_gurobi_pool,,00100000000000011,101100011111110001000100000000000011,968.1219999999996,555.7278999999999,7,,1011000111111100010,101100011111110001010110010011010010,true,single,36,1.0e-10,64
2,0.2,1,42201,128,10,0.577335954624;0.330039745889;-0.051763488314;-1.01771563608,0.555;0.293;-0.488;-0.898,β[0];β[1];γ[0];γ[1],87,1,0.0078125,1525.8863999999996,0.0,not_in_gurobi_pool,not_in_gurobi_pool,not_in_gurobi_pool,,00000001000101000,110001111011110110000000001000101000,1055.6550999999997,470.2312999999999,7,,1100011110111101100,110001111011110110000100011001000110,true,single,36,1.0e-10,64
2,0.2,1,42201,128,10,0.577335954624;0.330039745889;-0.051763488314;-1.01771563608,0.555;0.293;-0.488;-0.898,β[0];β[1];γ[0];γ[1],88,1,0.0078125,1557.3552999999995,2.2737367544323206e-13,not_in_gurobi_pool,not_in_gurobi_pool,not_in_gurobi_pool,,00100101010000000,000110011000001110000100101010000000,1001.6273999999996,555.7279000000001,9,,0001100110000011100,000110011000001110011001101101010100,true,single,36,1.0e-10,64
2,0.2,1,42201,128,10,0.577335954624;0.330039745889;-0.051763488314;-1.01771563608,0.555;0.293;-0.488;-0.898,β[0];β[1];γ[0];γ[1],89,1,0.0078125,1557.4936999999995,2.2737367544323206e-13,not_in_gurobi_pool,not_in_gurobi_pool,not_in_gurobi_pool,,00100000010000000,101010000011110110000100000010000000,745.2759999999997,812.2176999999996,9,,1010100000111101100,101010000011110110001111010011110101,true,single,36,1.0e-10,64
2,0.2,1,42201,128,10,0.577335954624;0.330039745889;-0.051763488314;-1.01771563608,0.555;0.293;-0.488;-0.898,β[0];β[1];γ[0];γ[1],90,1,0.0078125,1558.1176999999996,2.2737367544323206e-13,not_in_gurobi_pool,not_in_gurobi_pool,not_in_gurobi_pool,,00100000010000110,101010011010100111000100000010000110,874.1448999999998,683.9727999999996,10,,1010100110101001110,101010011010100111000111100101110000,true,single,36,1.0e-10,64
2,0.2,1,42201,128,10,0.577335954624;0.330039745889;-0.051763488314;-1.01771563608,0.555;0.293;-0.488;-0.898,β[0];β[1];γ[0];γ[1],91,1,0.0078125,1560.0791999999994,2.2737367544323206e-13,not_in_gurobi_pool,not_in_gurobi_pool,not_in_gurobi_pool,,00100100010000000,001110000100100110100100100010000000,747.8614999999998,812.2176999999995,11,,0011100001001001101,001110000100100110110101101101111011,true,single,36,1.0e-10,64
2,0.2,1,42201,128,10,0.577335954624;0.330039745889;-0.051763488314;-1.01771563608,0.555;0.293;-0.488;-0.898,β[0];β[1];γ[0];γ[1],92,1,0.0078125,1563.0001999999995,0.0,not_in_gurobi_pool,not_in_gurobi_pool,not_in_gurobi_pool,,00000000000101000,001101010110101010000000000000101000,1135.5171999999998,427.4829999999997,6,,0011010101101010100,001101010110101010000000011001101111,true,single,36,1.0e-10,64
2,0.2,1,42201,128,10,0.577335954624;0.330039745889;-0.051763488314;-1.01771563608,0.555;0.293;-0.488;-0.898,β[0];β[1];γ[0];γ[1],93,1,0.0078125,1607.6874999999995,0.0,not_in_gurobi_pool,not_in_gurobi_pool,not_in_gurobi_pool,,10000101100100000,010101110101010100110000101100100000,1222.9527999999996,384.7347,5,,0101011101010101001,010101110101010100100111101000100000,true,single,36,1.0e-10,64
2,0.2,1,42201,128,10,0.577335954624;0.330039745889;-0.051763488314;-1.01771563608,0.555;0.293;-0.488;-0.898,β[0];β[1];γ[0];γ[1],94,1,0.0078125,1612.3424999999995,2.2737367544323206e-13,not_in_gurobi_pool,not_in_gurobi_pool,not_in_gurobi_pool,,00100000000000000,001110000111000110100100000000000000,800.1247999999996,812.2176999999997,11,,0011100001110001101,001110000111000110110111011001111110,true,single,36,1.0e-10,64
2,0.2,1,42201,128,10,0.577335954624;0.330039745889;-0.051763488314;-1.01771563608,0.555;0.293;-0.488;-0.898,β[0];β[1];γ[0];γ[1],95,1,0.0078125,1649.9207999999994,0.0,not_in_gurobi_pool,not_in_gurobi_pool,not_in_gurobi_pool,,00000001000000000,010100101010101010100000001000000000,1222.4377999999997,427.4829999999997,8,,0101001010101010101,010100101010101010110000110101000101,true,single,36,1.0e-10,64
2,0.2,1,42201,128,10,0.577335954624;0.330039745889;-0.051763488314;-1.01771563608,0.555;0.293;-0.488;-0.898,β[0];β[1];γ[0];γ[1],96,1,0.0078125,1653.2857999999997,0.0,not_in_gurobi_pool,not_in_gurobi_pool,not_in_gurobi_pool,,00000101100000000,110100101100101010100000101100000000,1097.5578999999998,555.7278999999999,7,,1101001011001010101,110100101100101010101010111101010011,true,single,36,1.0e-10,64
2,0.2,1,42201,128,10,0.577335954624;0.330039745889;-0.051763488314;-1.01771563608,0.555;0.293;-0.488;-0.898,β[0];β[1];γ[0];γ[1],97,1,0.0078125,1688.4550999999997,0.0,not_in_gurobi_pool,not_in_gurobi_pool,not_in_gurobi_pool,,00000101100000100,010100100100101101000000101100000100,876.2373999999998,812.2176999999999,13,,0101001001001011010,010100100100101101011001010010011011,true,single,36,1.0e-10,64
2,0.2,1,42201,128,10,0.577335954624;0.330039745889;-0.051763488314;-1.01771563608,0.555;0.293;-0.488;-0.898,β[0];β[1];γ[0];γ[1],98,1,0.0078125,1690.4180999999994,0.0,not_in_gurobi_pool,not_in_gurobi_pool,not_in_gurobi_pool,,10100000000000000,001110000111001000110100000000000000,835.4520999999996,854.9659999999998,10,,0011100001110010001,001110000111001000111111110011110001,true,single,36,1.0e-10,64
2,0.2,1,42201,128,10,0.577335954624;0.330039745889;-0.051763488314;-1.01771563608,0.555;0.293;-0.488;-0.898,β[0];β[1];γ[0];γ[1],99,1,0.0078125,1691.2450999999996,0.0,not_in_gurobi_pool,not_in_gurobi_pool,not_in_gurobi_pool,,00100000000000000,001110010110101010100100000000000000,964.5239999999997,726.7211,9,,0011100101101010101,001110010110101010110000110100110110,true,single,36,1.0e-10,64
2,0.2,1,42201,128,10,0.577335954624;0.330039745889;-0.051763488314;-1.01771563608,0.555;0.293;-0.488;-0.898,β[0];β[1];γ[0];γ[1],100,1,0.0078125,1695.4555999999993,0.0,not_in_gurobi_pool,not_in_gurobi_pool,not_in_gurobi_pool,,00000000010101000,101011010111010110000000000010101000,883.2378999999997,812.2176999999996,9,,1010110101110101100,101011010111010110000111101010000011,true,single,36,1.0e-10,64
2,0.2,1,42201,128,10,0.577335954624;0.330039745889;-0.051763488314;-1.01771563608,0.555;0.293;-0.488;-0.898,β[0];β[1];γ[0];γ[1],101,1,0.0078125,1696.4135999999994,0.0,not_in_gurobi_pool,not_in_gurobi_pool,not_in_gurobi_pool,,10000001000000000,010000100111010100110000001000000000,1012.4407999999996,683.9727999999998,10,,0100001001110101001,010000100111010100101010110110000101,true,single,36,1.0e-10,64
2,0.2,1,42201,128,10,0.577335954624;0.330039745889;-0.051763488314;-1.01771563608,0.555;0.293;-0.488;-0.898,β[0];β[1];γ[0];γ[1],102,1,0.0078125,1698.4365999999995,0.0,not_in_gurobi_pool,not_in_gurobi_pool,not_in_gurobi_pool,,10000001000000000,110000101111101000110000001000000000,1014.4637999999995,683.9728,10,,1100001011111010001,110000101111101000101010000111001110,true,single,36,1.0e-10,64
2,0.2,1,42201,128,10,0.577335954624;0.330039745889;-0.051763488314;-1.01771563608,0.555;0.293;-0.488;-0.898,β[0];β[1];γ[0];γ[1],103,1,0.0078125,1731.7273999999998,4.547473508864641e-13,not_in_gurobi_pool,not_in_gurobi_pool,not_in_gurobi_pool,,00000001000000010,010100110010110111000000001000000010,1218.7477999999996,512.9795999999997,6,,0101001100101101110,010100110010110111001001001000101100,true,single,36,1.0e-10,64
2,0.2,1,42201,128,10,0.577335954624;0.330039745889;-0.051763488314;-1.01771563608,0.555;0.293;-0.488;-0.898,β[0];β[1];γ[0];γ[1],104,1,0.0078125,1736.5973999999992,0.0,not_in_gurobi_pool,not_in_gurobi_pool,not_in_gurobi_pool,,00100000000000100,001110000110001111100100000000000100,1266.3660999999995,470.2312999999997,5,,0011100001100011111,001110000110001111101101000001000001,true,single,36,1.0e-10,64
2,0.2,1,42201,128,10,0.577335954624;0.330039745889;-0.051763488314;-1.01771563608,0.555;0.293;-0.488;-0.898,β[0];β[1];γ[0];γ[1],105,1,0.0078125,1737.1563999999994,0.0,not_in_gurobi_pool,not_in_gurobi_pool,not_in_gurobi_pool,,00100000000000000,101100010111101010100100000000000000,668.4488999999996,1068.7074999999998,11,,1011000101111010101,101100010111101010111111111101001001,true,single,36,1.0e-10,64
2,0.2,1,42201,128,10,0.577335954624;0.330039745889;-0.051763488314;-1.01771563608,0.555;0.293;-0.488;-0.898,β[0];β[1];γ[0];γ[1],106,1,0.0078125,1740.0824999999995,0.0,not_in_gurobi_pool,not_in_gurobi_pool,not_in_gurobi_pool,,00000101000001000,000101110110110110100000101000001000,1312.5994999999994,427.4830000000002,8,,0001011101101101101,000101110110110110100100010101101001,true,single,36,1.0e-10,64
2,0.2,1,42201,128,10,0.577335954624;0.330039745889;-0.051763488314;-1.01771563608,0.555;0.293;-0.488;-0.898,β[0];β[1];γ[0];γ[1],107,1,0.0078125,1769.5086999999994,0.0,not_in_gurobi_pool,not_in_gurobi_pool,not_in_gurobi_pool,,00000001000101101,110101101010001001100000001000101101,1128.2841999999996,641.2244999999998,11,,1101011010100010011,110101101010001001110101110101001000,true,single,36,1.0e-10,64
2,0.2,1,42201,128,10,0.577335954624;0.330039745889;-0.051763488314;-1.01771563608,0.555;0.293;-0.488;-0.898,β[0];β[1];γ[0];γ[1],108,1,0.0078125,1779.9046999999996,4.547473508864641e-13,not_in_gurobi_pool,not_in_gurobi_pool,not_in_gurobi_pool,,00100000000000000,101110000111101010100100000000000000,668.4488999999996,1111.4557999999995,12,,1011100001111010101,101110000111101010111011101100011110,true,single,36,1.0e-10,64
2,0.2,1,42201,128,10,0.577335954624;0.330039745889;-0.051763488314;-1.01771563608,0.555;0.293;-0.488;-0.898,β[0];β[1];γ[0];γ[1],109,1,0.0078125,1793.5271999999995,0.0,not_in_gurobi_pool,not_in_gurobi_pool,not_in_gurobi_pool,,00000001000000100,110010101111001111100000001000000100,1280.5475999999994,512.9796000000001,6,,1100101011110011111,110010101111001111101010011001110100,true,single,36,1.0e-10,64
2,0.2,1,42201,128,10,0.577335954624;0.330039745889;-0.051763488314;-1.01771563608,0.555;0.293;-0.488;-0.898,β[0];β[1];γ[0];γ[1],110,1,0.0078125,1869.2002999999995,0.0,not_in_gurobi_pool,not_in_gurobi_pool,not_in_gurobi_pool,,10000101100000000,010100101101101000010000101100000000,928.7376999999997,940.4625999999998,14,,0101001011011010000,010100101101101000000111010011110011,true,single,36,1.0e-10,64
2,0.2,1,42201,128,10,0.577335954624;0.330039745889;-0.051763488314;-1.01771563608,0.555;0.293;-0.488;-0.898,β[0];β[1];γ[0];γ[1],111,1,0.0078125,1871.1672999999996,0.0,not_in_gurobi_pool,not_in_gurobi_pool,not_in_gurobi_pool,,00000101100000000,010100100101010110100000101100000000,1187.1944999999996,683.9728,8,,0101001001010101101,010100100101010110100111110001001000,true,single,36,1.0e-10,64
2,0.2,1,42201,128,10,0.577335954624;0.330039745889;-0.051763488314;-1.01771563608,0.555;0.293;-0.488;-0.898,β[0];β[1];γ[0];γ[1],112,1,0.0078125,1902.0245999999997,0.0,not_in_gurobi_pool,not_in_gurobi_pool,not_in_gurobi_pool,,00000001000000100,010110101010101101000000001000000100,1004.3102999999996,897.7143000000001,11,,0101101010101011010,010110101010101101011111000111100101,true,single,36,1.0e-10,64
2,0.2,1,42201,128,10,0.577335954624;0.330039745889;-0.051763488314;-1.01771563608,0.555;0.293;-0.488;-0.898,β[0];β[1];γ[0];γ[1],113,1,0.0078125,1906.2790999999993,0.0,not_in_gurobi_pool,not_in_gurobi_pool,not_in_gurobi_pool,,00000101110000000,010010101000011111100000101110000000,1307.8028999999997,598.4761999999996,8,,0100101010000111111,010010101000011111110100101111111110,true,single,36,1.0e-10,64
2,0.2,1,42201,128,10,0.577335954624;0.330039745889;-0.051763488314;-1.01771563608,0.555;0.293;-0.488;-0.898,β[0];β[1];γ[0];γ[1],114,1,0.0078125,1906.4105999999992,0.0,not_in_gurobi_pool,not_in_gurobi_pool,not_in_gurobi_pool,,00000001000000000,010100101010101010000000001000000000,1307.9343999999996,598.4761999999996,8,,0101001010101010100,010100101010101010001001011101001101,true,single,36,1.0e-10,64
2,0.2,1,42201,128,10,0.577335954624;0.330039745889;-0.051763488314;-1.01771563608,0.555;0.293;-0.488;-0.898,β[0];β[1];γ[0];γ[1],115,1,0.0078125,1947.734899999999,4.547473508864641e-13,not_in_gurobi_pool,not_in_gurobi_pool,not_in_gurobi_pool,,00100000000000000,001100000110001010000100000000000000,1135.5171999999998,812.2176999999997,9,,0011000001100010100,001100000110001010011001011100100001,true,single,36,1.0e-10,64
2,0.2,1,42201,128,10,0.577335954624;0.330039745889;-0.051763488314;-1.01771563608,0.555;0.293;-0.488;-0.898,β[0];β[1];γ[0];γ[1],116,1,0.0078125,1953.8978999999995,0.0,not_in_gurobi_pool,not_in_gurobi_pool,not_in_gurobi_pool,,00000000000101000,001101000111101010000000000000101000,1056.1835999999996,897.7142999999999,9,,0011010001111010100,001101000111101010000011101110000010,true,single,36,1.0e-10,64
2,0.2,1,42201,128,10,0.577335954624;0.330039745889;-0.051763488314;-1.01771563608,0.555;0.293;-0.488;-0.898,β[0];β[1];γ[0];γ[1],117,1,0.0078125,2034.3304999999996,0.0,not_in_gurobi_pool,not_in_gurobi_pool,not_in_gurobi_pool,,00000101100000010,110100100100110111000000101100000010,1179.3644999999997,854.9659999999999,12,,1101001001001101110,110100100100110111011000010010111001,true,single,36,1.0e-10,64
2,0.2,1,42201,128,10,0.577335954624;0.330039745889;-0.051763488314;-1.01771563608,0.555;0.293;-0.488;-0.898,β[0];β[1];γ[0];γ[1],118,1,0.0078125,2087.1207999999992,0.0,not_in_gurobi_pool,not_in_gurobi_pool,not_in_gurobi_pool,,00000001000000000,010110101110101010000000001000000000,1702.3860999999993,384.7347,5,,0101101011101010100,010110101110101010000000001010001111,true,single,36,1.0e-10,64
2,0.2,1,42201,128,10,0.577335954624;0.330039745889;-0.051763488314;-1.01771563608,0.555;0.293;-0.488;-0.898,β[0];β[1];γ[0];γ[1],119,1,0.0078125,2173.6747999999993,0.0,not_in_gurobi_pool,not_in_gurobi_pool,not_in_gurobi_pool,,00000000000100000,011000100111010110000000000000100000,1446.9536999999996,726.7210999999998,11,,0110001001110101100,011000100111010110011010011101010110,true,single,36,1.0e-10,64
2,0.2,1,42201,128,10,0.577335954624;0.330039745889;-0.051763488314;-1.01771563608,0.555;0.293;-0.488;-0.898,β[0];β[1];γ[0];γ[1],120,1,0.0078125,2214.437699999999,0.0,not_in_gurobi_pool,not_in_gurobi_pool,not_in_gurobi_pool,,10000001000000000,010100101111010000110000001000000000,1487.7165999999993,726.7210999999998,9,,0101001011110100001,010100101111010000101010100001010011,true,single,36,1.0e-10,64
2,0.2,1,42201,128,10,0.577335954624;0.330039745889;-0.051763488314;-1.01771563608,0.555;0.293;-0.488;-0.898,β[0];β[1];γ[0];γ[1],121,1,0.0078125,2248.3879999999995,0.0,not_in_gurobi_pool,not_in_gurobi_pool,not_in_gurobi_pool,,00000101100100000,010111111000011111000000101100100000,1692.6600999999996,555.7278999999999,7,,0101111110000111110,010111111000011111010100001111100101,true,single,36,1.0e-10,64
2,0.2,1,42201,128,10,0.577335954624;0.330039745889;-0.051763488314;-1.01771563608,0.555;0.293;-0.488;-0.898,β[0];β[1];γ[0];γ[1],122,1,0.0078125,2339.168599999999,0.0,not_in_gurobi_pool,not_in_gurobi_pool,not_in_gurobi_pool,,00000000000101101,001101001111101001100000000000101101,1270.4610999999995,1068.7074999999995,11,,0011010011111010011,001101001111101001111011011111111001,true,single,36,1.0e-10,64
2,0.2,1,42201,128,10,0.577335954624;0.330039745889;-0.051763488314;-1.01771563608,0.555;0.293;-0.488;-0.898,β[0];β[1];γ[0];γ[1],123,1,0.0078125,2431.6811999999995,4.547473508864641e-13,not_in_gurobi_pool,not_in_gurobi_pool,not_in_gurobi_pool,,00000001000101100,010101110111101111000000001000101100,1405.7219999999993,1025.9591999999998,12,,0101011101111011110,010101110111101111001110110111110000,true,single,36,1.0e-10,64
2,0.2,1,42201,128,10,0.577335954624;0.330039745889;-0.051763488314;-1.01771563608,0.555;0.293;-0.488;-0.898,β[0];β[1];γ[0];γ[1],124,1,0.0078125,2499.876799999999,0.0,not_in_gurobi_pool,not_in_gurobi_pool,not_in_gurobi_pool,,10000001000101000,010101100011111100110000001000101000,1773.1556999999993,726.7210999999998,9,,0101011000111111001,010101100011111100111111010100001010,true,single,36,1.0e-10,64
2,0.2,1,42201,128,10,0.577335954624;0.330039745889;-0.051763488314;-1.01771563608,0.555;0.293;-0.488;-0.898,β[0];β[1];γ[0];γ[1],125,1,0.0078125,2549.193099999999,4.547473508864641e-13,not_in_gurobi_pool,not_in_gurobi_pool,not_in_gurobi_pool,,00100000000000000,101110011011011111100100000000000000,1437.7372999999998,1111.4557999999997,12,,1011100110110111111,101110011011011111110001110111011011,true,single,36,1.0e-10,64
2,0.2,1,42201,128,10,0.577335954624;0.330039745889;-0.051763488314;-1.01771563608,0.555;0.293;-0.488;-0.898,β[0];β[1];γ[0];γ[1],126,1,0.0078125,2716.3721999999984,9.094947017729282e-13,not_in_gurobi_pool,not_in_gurobi_pool,not_in_gurobi_pool,,10000000000111000,011111110110110100110000000000111000,1604.9163999999992,1111.4558000000002,10,,0111111101101101001,011111110110110100111101010111010100,true,single,36,1.0e-10,64
2,0.2,1,42201,128,10,0.577335954624;0.330039745889;-0.051763488314;-1.01771563608,0.555;0.293;-0.488;-0.898,β[0];β[1];γ[0];γ[1],127,1,0.0078125,2765.4365999999986,4.547473508864641e-13,not_in_gurobi_pool,not_in_gurobi_pool,not_in_gurobi_pool,,00000001000101101,010101101110101001000000001000101101,1910.4705999999992,854.9659999999999,12,,0101011011101010010,010101101110101001001111101001010010,true,single,36,1.0e-10,64
2,0.2,1,42201,128,10,0.577335954624;0.330039745889;-0.051763488314;-1.01771563608,0.555;0.293;-0.488;-0.898,β[0];β[1];γ[0];γ[1],128,1,0.0078125,3008.3687999999984,4.547473508864641e-13,not_in_gurobi_pool,not_in_gurobi_pool,not_in_gurobi_pool,,10100000010100000,111010010110011100010100000010100000,1683.1714999999995,1325.1972999999994,11,,1110100101100111000,111010010110011100001101111101100101,true,single,36,1.0e-10,64
